,test/roc,test/f1,test/accuracy,test/prc
bbbp_umap_0,0.7521569132804871,0.8834356069564819,0.8057259917259216,0.9087622165679932
bbbp_umap_1,0.8593341112136841,0.9203883409500122,0.8571428656578064,0.9669768810272216
bbbp_umap_2,0.8688540458679199,0.963235318660736,0.9307159185409546,0.9850412607192992
bbbp_umap_3,0.9112553596496582,0.9850106835365297,0.970588207244873,0.9960030913352966
bbbp_umap_4,0.8328025341033936,0.9704509973526001,0.9427710771560669,0.9880353808403015
