,test/rmse,test/mae,test/r2
delaney_umap_0,0.715300977230072,0.4818637073040008,0.315149188041687
delaney_umap_1,0.6798205375671387,0.4341229796409607,0.4522410631179809
delaney_umap_2,0.3303026556968689,0.2363392263650894,0.8200480341911316
delaney_umap_3,0.4085139334201813,0.3141025900840759,0.8058720827102661
delaney_umap_4,0.4062674343585968,0.31793007254600525,0.8048332333564758
