,test/rmse,test/mae,test/r2
freesolv_umap_0,1.5585490465164185,1.1569688320159912,0.7030936479568481
freesolv_umap_1,1.9823381900787351,1.556802749633789,0.8445118069648743
freesolv_umap_2,1.9289333820343015,1.4901585578918457,0.8474140763282776
freesolv_umap_3,1.5720874071121216,1.2446107864379885,0.8395909070968628
freesolv_umap_4,1.6180758476257324,1.3111755847930908,0.6921330690383911
