,test/roc,test/f1,test/accuracy,test/prc
hiv_umap_0,0.7459521293640137,0.2406639009714126,0.9568294286727904,0.247285857796669
hiv_umap_1,0.8074139356613159,0.190476194024086,0.979145348072052,0.2225417643785476
hiv_umap_2,0.8035472631454468,0.2087912112474441,0.980233371257782,0.1709984540939331
hiv_umap_3,0.6727033257484436,0.1324503272771835,0.970966339111328,0.1315469145774841
hiv_umap_4,0.8405413627624512,0.19718310236930847,0.978458046913147,0.23178569972515106
