,test/rmse,test/mae,test/r2
lipo_umap_0,0.5801219940185547,0.4451752305030823,0.6000363230705261
lipo_umap_1,0.5037887692451477,0.3834267556667328,0.7895885109901428
lipo_umap_2,0.608479380607605,0.4756449162960052,0.7130126953125
lipo_umap_3,0.538223147392273,0.4238154590129852,0.6365397572517395
lipo_umap_4,0.49969035387039185,0.3900619149208069,0.7247274518013
