dataset,split_type,split_num,model,SP,metric
bace,spectra_tanimoto,0.00_0,LogReg,0.00,0.905489417989418
bace,spectra_tanimoto,0.00_0,RF,0.00,0.909567901234568
bace,spectra_tanimoto,0.00_0,XGB,0.00,0.903439153439153
bace,spectra_tanimoto,0.00_0,SVM,0.00,0.902888007054674
bace,spectra_tanimoto,0.00_1,LogReg,0.00,0.875413907284768
bace,spectra_tanimoto,0.00_1,RF,0.00,0.910508888114326
bace,spectra_tanimoto,0.00_1,XGB,0.00,0.877962704775183
bace,spectra_tanimoto,0.00_1,SVM,0.00,0.900270128964796
bace,spectra_tanimoto,0.00_2,LogReg,0.00,0.869896147701047
bace,spectra_tanimoto,0.00_2,RF,0.00,0.884475412746316
bace,spectra_tanimoto,0.00_2,XGB,0.00,0.880969288123558
bace,spectra_tanimoto,0.00_2,SVM,0.00,0.883521214273034
bace,spectra_tanimoto,0.05_0,LogReg,0.05,0.86448087431694
bace,spectra_tanimoto,0.05_0,RF,0.05,0.862112932604736
bace,spectra_tanimoto,0.05_0,XGB,0.05,0.842258652094718
bace,spectra_tanimoto,0.05_0,SVM,0.05,0.827140255009107
bace,spectra_tanimoto,0.05_1,LogReg,0.05,0.88656504785537
bace,spectra_tanimoto,0.05_1,RF,0.05,0.897554058844381
bace,spectra_tanimoto,0.05_1,XGB,0.05,0.860953562566466
bace,spectra_tanimoto,0.05_1,SVM,0.05,0.899326479971641
bace,spectra_tanimoto,0.05_2,LogReg,0.05,0.883376288659794
bace,spectra_tanimoto,0.05_2,RF,0.05,0.874171575846834
bace,spectra_tanimoto,0.05_2,XGB,0.05,0.863770250368188
bace,spectra_tanimoto,0.05_2,SVM,0.05,0.877761413843888
bace,spectra_tanimoto,0.10_0,LogReg,0.10,0.857758620689655
bace,spectra_tanimoto,0.10_0,RF,0.10,0.879002463054187
bace,spectra_tanimoto,0.10_0,XGB,0.10,0.869458128078818
bace,spectra_tanimoto,0.10_0,SVM,0.10,0.853448275862069
bace,spectra_tanimoto,0.10_1,LogReg,0.10,0.884098544232923
bace,spectra_tanimoto,0.10_1,RF,0.10,0.957446808510638
bace,spectra_tanimoto,0.10_1,XGB,0.10,0.905375139977604
bace,spectra_tanimoto,0.10_1,SVM,0.10,0.929451287793953
bace,spectra_tanimoto,0.10_2,LogReg,0.10,0.904380341880342
bace,spectra_tanimoto,0.10_2,RF,0.10,0.922275641025641
bace,spectra_tanimoto,0.10_2,XGB,0.10,0.919337606837607
bace,spectra_tanimoto,0.10_2,SVM,0.10,0.927884615384615
bace,spectra_tanimoto,0.15_0,LogReg,0.15,0.732804232804233
bace,spectra_tanimoto,0.15_0,RF,0.15,0.782407407407407
bace,spectra_tanimoto,0.15_0,XGB,0.15,0.731481481481481
bace,spectra_tanimoto,0.15_0,SVM,0.15,0.801587301587302
bace,spectra_tanimoto,0.15_1,LogReg,0.15,0.833333333333333
bace,spectra_tanimoto,0.15_1,RF,0.15,0.873144399460189
bace,spectra_tanimoto,0.15_1,XGB,0.15,0.860998650472335
bace,spectra_tanimoto,0.15_1,SVM,0.15,0.912280701754386
bace,spectra_tanimoto,0.15_2,LogReg,0.15,0.853174603174603
bace,spectra_tanimoto,0.15_2,RF,0.15,0.900793650793651
bace,spectra_tanimoto,0.15_2,XGB,0.15,0.837301587301587
bace,spectra_tanimoto,0.15_2,SVM,0.15,0.887566137566138
bace,spectra_tanimoto,0.20_0,LogReg,0.20,0.843137254901961
bace,spectra_tanimoto,0.20_0,RF,0.20,0.900560224089636
bace,spectra_tanimoto,0.20_0,XGB,0.20,0.822128851540616
bace,spectra_tanimoto,0.20_0,SVM,0.20,0.890756302521008
bace,spectra_tanimoto,0.20_1,LogReg,0.20,0.79153605015674
bace,spectra_tanimoto,0.20_1,RF,0.20,0.780564263322884
bace,spectra_tanimoto,0.20_1,XGB,0.20,0.699059561128527
bace,spectra_tanimoto,0.20_1,SVM,0.20,0.789968652037617
bace,spectra_tanimoto,0.20_2,LogReg,0.20,0.820728291316527
bace,spectra_tanimoto,0.20_2,RF,0.20,0.915966386554622
bace,spectra_tanimoto,0.20_2,XGB,0.20,0.850140056022409
bace,spectra_tanimoto,0.20_2,SVM,0.20,0.910364145658263
bace,spectra_tanimoto,0.25_0,LogReg,0.25,0.852564102564103
bace,spectra_tanimoto,0.25_0,RF,0.25,0.907051282051282
bace,spectra_tanimoto,0.25_0,XGB,0.25,0.842948717948718
bace,spectra_tanimoto,0.25_0,SVM,0.25,0.858974358974359
bace,spectra_tanimoto,0.25_1,LogReg,0.25,0.742857142857143
bace,spectra_tanimoto,0.25_1,RF,0.25,0.696428571428571
bace,spectra_tanimoto,0.25_1,XGB,0.25,0.660714285714286
bace,spectra_tanimoto,0.25_1,SVM,0.25,0.721428571428571
bace,spectra_tanimoto,0.25_2,LogReg,0.25,0.948863636363636
bace,spectra_tanimoto,0.25_2,RF,0.25,0.943181818181818
bace,spectra_tanimoto,0.25_2,XGB,0.25,0.931818181818182
bace,spectra_tanimoto,0.25_2,SVM,0.25,0.960227272727273
bace,spectra_tanimoto,0.30_0,LogReg,0.30,0.760416666666667
bace,spectra_tanimoto,0.30_0,RF,0.30,0.807291666666667
bace,spectra_tanimoto,0.30_0,XGB,0.30,0.822916666666667
bace,spectra_tanimoto,0.30_0,SVM,0.30,0.760416666666667
bace,spectra_tanimoto,0.30_1,LogReg,0.30,0.822222222222222
bace,spectra_tanimoto,0.30_1,RF,0.30,1
bace,spectra_tanimoto,0.30_1,XGB,0.30,0.733333333333333
bace,spectra_tanimoto,0.30_1,SVM,0.30,1
bace,spectra_tanimoto,0.30_2,LogReg,0.30,0.523809523809524
bace,spectra_tanimoto,0.30_2,RF,0.30,0.761904761904762
bace,spectra_tanimoto,0.30_2,XGB,0.30,0.880952380952381
bace,spectra_tanimoto,0.30_2,SVM,0.30,0.5
bace,spectra_tanimoto,0.35_0,LogReg,0.35,0.462962962962963
bace,spectra_tanimoto,0.35_0,RF,0.35,0.648148148148148
bace,spectra_tanimoto,0.35_0,XGB,0.35,0.592592592592593
bace,spectra_tanimoto,0.35_0,SVM,0.35,0.62962962962963
bace,spectra_tanimoto,0.35_1,LogReg,0.35,0.708333333333333
bace,spectra_tanimoto,0.35_1,RF,0.35,0.697916666666667
bace,spectra_tanimoto,0.35_1,XGB,0.35,0.666666666666667
bace,spectra_tanimoto,0.35_1,SVM,0.35,0.5
bace,spectra_tanimoto,0.35_2,LogReg,0.35,0.577777777777778
bace,spectra_tanimoto,0.35_2,RF,0.35,0.577777777777778
bace,spectra_tanimoto,0.35_2,XGB,0.35,0.422222222222222
bace,spectra_tanimoto,0.35_2,SVM,0.35,0.488888888888889
bace,spectra_tanimoto,0.40_0,LogReg,0.40,0.791666666666667
bace,spectra_tanimoto,0.40_0,RF,0.40,0.645833333333333
bace,spectra_tanimoto,0.40_0,XGB,0.40,0.541666666666667
bace,spectra_tanimoto,0.40_0,SVM,0.40,0.583333333333333
bace,spectra_tanimoto,0.40_1,LogReg,0.40,0.678571428571429
bace,spectra_tanimoto,0.40_1,RF,0.40,0.75
bace,spectra_tanimoto,0.40_1,XGB,0.40,0.678571428571429
bace,spectra_tanimoto,0.40_1,SVM,0.40,0.25
bace,spectra_tanimoto,0.40_2,LogReg,0.40,0.607142857142857
bace,spectra_tanimoto,0.40_2,RF,0.40,0.642857142857143
bace,spectra_tanimoto,0.40_2,XGB,0.40,0.642857142857143
bace,spectra_tanimoto,0.40_2,SVM,0.40,0.785714285714286
bace,spectra_tanimoto,0.45_0,LogReg,0.45,0.638888888888889
bace,spectra_tanimoto,0.45_0,RF,0.45,1
bace,spectra_tanimoto,0.45_0,XGB,0.45,0.75
bace,spectra_tanimoto,0.45_0,SVM,0.45,1
bace,spectra_tanimoto,0.45_1,LogReg,0.45,0.725
bace,spectra_tanimoto,0.45_1,RF,0.45,0.6
bace,spectra_tanimoto,0.45_1,XGB,0.45,0.75
bace,spectra_tanimoto,0.45_1,SVM,0.45,0.8
bace,spectra_tanimoto,0.45_2,LogReg,0.45,0.5
bace,spectra_tanimoto,0.45_2,RF,0.45,0.583333333333333
bace,spectra_tanimoto,0.45_2,XGB,0.45,0.583333333333333
bace,spectra_tanimoto,0.45_2,SVM,0.45,0.75
bace,spectra_tanimoto,0.50_0,LogReg,0.50,0.133333333333333
bace,spectra_tanimoto,0.50_0,RF,0.50,0.8
bace,spectra_tanimoto,0.50_0,XGB,0.50,0.266666666666667
bace,spectra_tanimoto,0.50_0,SVM,0.50,0.866666666666667
bace,spectra_tanimoto,0.50_1,LogReg,0.50,0.0714285714285715
bace,spectra_tanimoto,0.50_1,RF,0.50,0.428571428571429
bace,spectra_tanimoto,0.50_1,XGB,0.50,0.214285714285714
bace,spectra_tanimoto,0.50_1,SVM,0.50,0.571428571428571
bace,spectra_tanimoto,0.50_2,LogReg,0.50,0.833333333333333
bace,spectra_tanimoto,0.50_2,RF,0.50,1
bace,spectra_tanimoto,0.50_2,XGB,0.50,0.833333333333333
bace,spectra_tanimoto,0.50_2,SVM,0.50,0
bace,spectra_tanimoto,0.55_0,LogReg,0.55,1
bace,spectra_tanimoto,0.55_0,RF,0.55,0.8
bace,spectra_tanimoto,0.55_0,XGB,0.55,1
bace,spectra_tanimoto,0.55_0,SVM,0.55,0.2
bace,spectra_tanimoto,0.55_1,LogReg,0.55,0.583333333333333
bace,spectra_tanimoto,0.55_1,RF,0.55,0.583333333333333
bace,spectra_tanimoto,0.55_1,XGB,0.55,0.5
bace,spectra_tanimoto,0.55_1,SVM,0.55,0.5
bace,random,1,LogReg,NA,0.905860460945207
bace,random,1,RF,NA,0.915725047080979
bace,random,1,XGB,NA,0.901712850865393
bace,random,1,SVM,NA,0.909985651511075
bace,random,2,LogReg,NA,0.850214949991226
bace,random,2,RF,NA,0.872477627653974
bace,random,2,XGB,NA,0.87335497455694
bace,random,2,SVM,NA,0.875109668362871
bace,random,3,LogReg,NA,0.832085631731022
bace,random,3,RF,NA,0.860738989580597
bace,random,3,XGB,NA,0.84878732160056
bace,random,3,SVM,NA,0.866364591541897
bace,random,4,LogReg,NA,0.868090893139147
bace,random,4,RF,NA,0.893468152307422
bace,random,4,XGB,NA,0.872411826636252
bace,random,4,SVM,NA,0.882610984383225
bace,random,5,LogReg,NA,0.863163871418588
bace,random,5,RF,NA,0.871331236897275
bace,random,5,XGB,NA,0.875655136268344
bace,random,5,SVM,NA,0.88308001397624
bace,scaffold,1,LogReg,NA,0.84304054054054
bace,scaffold,1,RF,NA,0.870968468468468
bace,scaffold,1,XGB,NA,0.864572072072072
bace,scaffold,1,SVM,NA,0.884166666666667
bace,scaffold,2,LogReg,NA,0.883721957251369
bace,scaffold,2,RF,NA,0.894740328563858
bace,scaffold,2,XGB,NA,0.901187952658541
bace,scaffold,2,SVM,NA,0.902490726020138
bace,scaffold,3,LogReg,NA,0.809184184184184
bace,scaffold,3,RF,NA,0.882282282282282
bace,scaffold,3,XGB,NA,0.844294294294294
bace,scaffold,3,SVM,NA,0.874074074074074
bace,scaffold,4,LogReg,NA,0.887340328467153
bace,scaffold,4,RF,NA,0.898791058394161
bace,scaffold,4,XGB,NA,0.893088503649635
bace,scaffold,4,SVM,NA,0.89386405109489
bace,scaffold,5,LogReg,NA,0.85108843537415
bace,scaffold,5,RF,NA,0.86843537414966
bace,scaffold,5,XGB,NA,0.873696145124716
bace,scaffold,5,SVM,NA,0.886984126984127
bace,umap,1,LogReg,NA,0.68924293008641
bace,umap,1,RF,NA,0.607938923802042
bace,umap,1,XGB,NA,0.627553024351925
bace,umap,1,SVM,NA,0.701050667714061
bace,umap,2,LogReg,NA,0.524950867298983
bace,umap,2,RF,NA,0.590681876441938
bace,umap,2,XGB,NA,0.568144920105956
bace,umap,2,SVM,NA,0.642356660685294
bace,umap,3,LogReg,NA,0.421360860450278
bace,umap,3,RF,NA,0.343724364232978
bace,umap,3,XGB,NA,0.475161790174095
bace,umap,3,SVM,NA,0.383738948135995
bace,umap,4,LogReg,NA,0.468800697598962
bace,umap,4,RF,NA,0.647114292667099
bace,umap,4,XGB,NA,0.55929591174562
bace,umap,4,SVM,NA,0.610165882543803
bace,umap,5,LogReg,NA,0.536152119485453
bace,umap,5,RF,NA,0.592236467236467
bace,umap,5,XGB,NA,0.521680480013813
bace,umap,5,SVM,NA,0.493039368039368
bbbp,spectra_tanimoto,0.00_0,LogReg,0.00,0.88051948051948
bbbp,spectra_tanimoto,0.00_0,RF,0.00,0.893487394957983
bbbp,spectra_tanimoto,0.00_0,XGB,0.00,0.872268907563025
bbbp,spectra_tanimoto,0.00_0,SVM,0.00,0.874025974025974
bbbp,spectra_tanimoto,0.00_1,LogReg,0.00,0.897388457980502
bbbp,spectra_tanimoto,0.00_1,RF,0.00,0.904522166085533
bbbp,spectra_tanimoto,0.00_1,XGB,0.00,0.878211058137053
bbbp,spectra_tanimoto,0.00_1,SVM,0.00,0.903863943641927
bbbp,spectra_tanimoto,0.00_2,LogReg,0.00,0.840750853242321
bbbp,spectra_tanimoto,0.00_2,RF,0.00,0.881109215017065
bbbp,spectra_tanimoto,0.00_2,XGB,0.00,0.858600682593857
bbbp,spectra_tanimoto,0.00_2,SVM,0.00,0.886860068259386
bbbp,spectra_tanimoto,0.05_0,LogReg,0.05,0.903188405797102
bbbp,spectra_tanimoto,0.05_0,RF,0.05,0.922971014492754
bbbp,spectra_tanimoto,0.05_0,XGB,0.05,0.902173913043478
bbbp,spectra_tanimoto,0.05_0,SVM,0.05,0.927826086956522
bbbp,spectra_tanimoto,0.05_1,LogReg,0.05,0.877971254836926
bbbp,spectra_tanimoto,0.05_1,RF,0.05,0.863460475400774
bbbp,spectra_tanimoto,0.05_1,XGB,0.05,0.83955223880597
bbbp,spectra_tanimoto,0.05_1,SVM,0.05,0.87603648424544
bbbp,spectra_tanimoto,0.05_2,LogReg,0.05,0.850982350982351
bbbp,spectra_tanimoto,0.05_2,RF,0.05,0.814685314685315
bbbp,spectra_tanimoto,0.05_2,XGB,0.05,0.824841824841825
bbbp,spectra_tanimoto,0.05_2,SVM,0.05,0.836330336330336
bbbp,spectra_tanimoto,0.10_0,LogReg,0.10,0.797797797797798
bbbp,spectra_tanimoto,0.10_0,RF,0.10,0.854104104104104
bbbp,spectra_tanimoto,0.10_0,XGB,0.10,0.813813813813814
bbbp,spectra_tanimoto,0.10_0,SVM,0.10,0.845845845845846
bbbp,spectra_tanimoto,0.10_1,LogReg,0.10,0.785790598290598
bbbp,spectra_tanimoto,0.10_1,RF,0.10,0.833867521367521
bbbp,spectra_tanimoto,0.10_1,XGB,0.10,0.813034188034188
bbbp,spectra_tanimoto,0.10_1,SVM,0.10,0.836004273504274
bbbp,spectra_tanimoto,0.10_2,LogReg,0.10,0.857777777777778
bbbp,spectra_tanimoto,0.10_2,RF,0.10,0.901944444444444
bbbp,spectra_tanimoto,0.10_2,XGB,0.10,0.897222222222222
bbbp,spectra_tanimoto,0.10_2,SVM,0.10,0.889166666666667
bbbp,spectra_tanimoto,0.15_0,LogReg,0.15,0.784883720930233
bbbp,spectra_tanimoto,0.15_0,RF,0.15,0.879651162790698
bbbp,spectra_tanimoto,0.15_0,XGB,0.15,0.784883720930233
bbbp,spectra_tanimoto,0.15_0,SVM,0.15,0.877906976744186
bbbp,spectra_tanimoto,0.15_1,LogReg,0.15,0.789915966386555
bbbp,spectra_tanimoto,0.15_1,RF,0.15,0.746698679471789
bbbp,spectra_tanimoto,0.15_1,XGB,0.15,0.765906362545018
bbbp,spectra_tanimoto,0.15_1,SVM,0.15,0.795918367346939
bbbp,spectra_tanimoto,0.15_2,LogReg,0.15,0.748571428571429
bbbp,spectra_tanimoto,0.15_2,RF,0.15,0.836428571428571
bbbp,spectra_tanimoto,0.15_2,XGB,0.15,0.718571428571429
bbbp,spectra_tanimoto,0.15_2,SVM,0.15,0.86
bbbp,spectra_tanimoto,0.20_0,LogReg,0.20,0.838362068965517
bbbp,spectra_tanimoto,0.20_0,RF,0.20,0.810344827586207
bbbp,spectra_tanimoto,0.20_0,XGB,0.20,0.832974137931034
bbbp,spectra_tanimoto,0.20_0,SVM,0.20,0.851293103448276
bbbp,spectra_tanimoto,0.20_1,LogReg,0.20,0.729910714285714
bbbp,spectra_tanimoto,0.20_1,RF,0.20,0.768973214285714
bbbp,spectra_tanimoto,0.20_1,XGB,0.20,0.818080357142857
bbbp,spectra_tanimoto,0.20_1,SVM,0.20,0.736607142857143
bbbp,spectra_tanimoto,0.20_2,LogReg,0.20,0.828125
bbbp,spectra_tanimoto,0.20_2,RF,0.20,0.904947916666667
bbbp,spectra_tanimoto,0.20_2,XGB,0.20,0.776041666666667
bbbp,spectra_tanimoto,0.20_2,SVM,0.20,0.833333333333333
bbbp,spectra_tanimoto,0.25_0,LogReg,0.25,0.652777777777778
bbbp,spectra_tanimoto,0.25_0,RF,0.25,0.814814814814815
bbbp,spectra_tanimoto,0.25_0,XGB,0.25,0.650462962962963
bbbp,spectra_tanimoto,0.25_0,SVM,0.25,0.912037037037037
bbbp,spectra_tanimoto,0.25_1,LogReg,0.25,0.734090909090909
bbbp,spectra_tanimoto,0.25_1,RF,0.25,0.827272727272727
bbbp,spectra_tanimoto,0.25_1,XGB,0.25,0.745454545454545
bbbp,spectra_tanimoto,0.25_1,SVM,0.25,0.8
bbbp,spectra_tanimoto,0.25_2,LogReg,0.25,1
bbbp,spectra_tanimoto,0.25_2,RF,0.25,1
bbbp,spectra_tanimoto,0.25_2,XGB,0.25,1
bbbp,spectra_tanimoto,0.25_2,SVM,0.25,1
bbbp,spectra_tanimoto,0.30_0,LogReg,0.30,0.85
bbbp,spectra_tanimoto,0.30_0,RF,0.30,0.9
bbbp,spectra_tanimoto,0.30_0,XGB,0.30,0.73
bbbp,spectra_tanimoto,0.30_0,SVM,0.30,0.87
bbbp,spectra_tanimoto,0.30_1,LogReg,0.30,0.890909090909091
bbbp,spectra_tanimoto,0.30_1,RF,0.30,0.872727272727273
bbbp,spectra_tanimoto,0.30_1,XGB,0.30,0.8
bbbp,spectra_tanimoto,0.30_1,SVM,0.30,0.881818181818182
bbbp,spectra_tanimoto,0.30_2,LogReg,0.30,0.830246913580247
bbbp,spectra_tanimoto,0.30_2,RF,0.30,0.901234567901235
bbbp,spectra_tanimoto,0.30_2,XGB,0.30,0.790123456790123
bbbp,spectra_tanimoto,0.30_2,SVM,0.30,0.851851851851852
bbbp,spectra_tanimoto,0.35_0,LogReg,0.35,0.491228070175439
bbbp,spectra_tanimoto,0.35_0,RF,0.35,0.763157894736842
bbbp,spectra_tanimoto,0.35_0,XGB,0.35,0.570175438596491
bbbp,spectra_tanimoto,0.35_0,SVM,0.35,0.68421052631579
bbbp,spectra_tanimoto,0.35_1,LogReg,0.35,0.625
bbbp,spectra_tanimoto,0.35_1,RF,0.35,0.71875
bbbp,spectra_tanimoto,0.35_1,XGB,0.35,0.45625
bbbp,spectra_tanimoto,0.35_1,SVM,0.35,0.6125
bbbp,spectra_tanimoto,0.35_2,LogReg,0.35,0.697115384615385
bbbp,spectra_tanimoto,0.35_2,RF,0.35,0.730769230769231
bbbp,spectra_tanimoto,0.35_2,XGB,0.35,0.653846153846154
bbbp,spectra_tanimoto,0.35_2,SVM,0.35,0.721153846153846
bbbp,spectra_tanimoto,0.40_0,LogReg,0.40,0.807692307692308
bbbp,spectra_tanimoto,0.40_0,RF,0.40,0.961538461538462
bbbp,spectra_tanimoto,0.40_0,XGB,0.40,0.817307692307692
bbbp,spectra_tanimoto,0.40_0,SVM,0.40,0.923076923076923
bbbp,spectra_tanimoto,0.40_1,LogReg,0.40,0.9375
bbbp,spectra_tanimoto,0.40_1,RF,0.40,0.96875
bbbp,spectra_tanimoto,0.40_1,XGB,0.40,0.8125
bbbp,spectra_tanimoto,0.40_1,SVM,0.40,0.8125
bbbp,spectra_tanimoto,0.40_2,LogReg,0.40,0.928571428571429
bbbp,spectra_tanimoto,0.40_2,RF,0.40,0.916666666666667
bbbp,spectra_tanimoto,0.40_2,XGB,0.40,0.928571428571429
bbbp,spectra_tanimoto,0.40_2,SVM,0.40,0.880952380952381
bbbp,spectra_tanimoto,0.45_0,LogReg,0.45,0.833333333333333
bbbp,spectra_tanimoto,0.45_0,RF,0.45,1
bbbp,spectra_tanimoto,0.45_0,XGB,0.45,0.75
bbbp,spectra_tanimoto,0.45_0,SVM,0.45,1
bbbp,spectra_tanimoto,0.45_1,LogReg,0.45,0.65
bbbp,spectra_tanimoto,0.45_1,RF,0.45,0.73
bbbp,spectra_tanimoto,0.45_1,XGB,0.45,0.63
bbbp,spectra_tanimoto,0.45_1,SVM,0.45,0.78
bbbp,spectra_tanimoto,0.45_2,LogReg,0.45,0.22
bbbp,spectra_tanimoto,0.45_2,RF,0.45,0.44
bbbp,spectra_tanimoto,0.45_2,XGB,0.45,0.35
bbbp,spectra_tanimoto,0.45_2,SVM,0.45,0.58
bbbp,spectra_tanimoto,0.50_0,LogReg,0.50,0.609375
bbbp,spectra_tanimoto,0.50_0,RF,0.50,0.53125
bbbp,spectra_tanimoto,0.50_0,XGB,0.50,0.5
bbbp,spectra_tanimoto,0.50_0,SVM,0.50,0.59375
bbbp,spectra_tanimoto,0.50_1,LogReg,0.50,0.4
bbbp,spectra_tanimoto,0.50_1,RF,0.50,0.9
bbbp,spectra_tanimoto,0.50_1,XGB,0.50,0.9
bbbp,spectra_tanimoto,0.50_1,SVM,0.50,0.7
bbbp,spectra_tanimoto,0.50_2,LogReg,0.50,0.666666666666667
bbbp,spectra_tanimoto,0.50_2,RF,0.50,0.833333333333333
bbbp,spectra_tanimoto,0.50_2,XGB,0.50,0.8
bbbp,spectra_tanimoto,0.50_2,SVM,0.50,0.766666666666667
bbbp,spectra_tanimoto,0.55_0,LogReg,0.55,0.875
bbbp,spectra_tanimoto,0.55_0,RF,0.55,0.8125
bbbp,spectra_tanimoto,0.55_0,XGB,0.55,0.8125
bbbp,spectra_tanimoto,0.55_0,SVM,0.55,0.875
bbbp,spectra_tanimoto,0.55_1,LogReg,0.55,NA
bbbp,spectra_tanimoto,0.55_1,RF,0.55,NA
bbbp,spectra_tanimoto,0.55_1,XGB,0.55,NA
bbbp,spectra_tanimoto,0.55_1,SVM,0.55,NA
bbbp,spectra_tanimoto,0.55_2,LogReg,0.55,1
bbbp,spectra_tanimoto,0.55_2,RF,0.55,1
bbbp,spectra_tanimoto,0.55_2,XGB,0.55,1
bbbp,spectra_tanimoto,0.55_2,SVM,0.55,1
bbbp,spectra_tanimoto,0.60_0,LogReg,0.60,0.625
bbbp,spectra_tanimoto,0.60_0,RF,0.60,1
bbbp,spectra_tanimoto,0.60_0,XGB,0.60,0.625
bbbp,spectra_tanimoto,0.60_0,SVM,0.60,1
bbbp,spectra_tanimoto,0.60_1,LogReg,0.60,0.880952380952381
bbbp,spectra_tanimoto,0.60_1,RF,0.60,0.857142857142857
bbbp,spectra_tanimoto,0.60_1,XGB,0.60,0.428571428571429
bbbp,spectra_tanimoto,0.60_1,SVM,0.60,0.952380952380952
bbbp,spectra_tanimoto,0.60_2,LogReg,0.60,0.25
bbbp,spectra_tanimoto,0.60_2,RF,0.60,0.541666666666667
bbbp,spectra_tanimoto,0.60_2,XGB,0.60,0.333333333333333
bbbp,spectra_tanimoto,0.60_2,SVM,0.60,0.666666666666667
bbbp,spectra_tanimoto,0.65_0,LogReg,0.65,0.25
bbbp,spectra_tanimoto,0.65_0,RF,0.65,0.25
bbbp,spectra_tanimoto,0.65_0,XGB,0.65,0.375
bbbp,spectra_tanimoto,0.65_0,SVM,0.65,0.375
bbbp,spectra_tanimoto,0.65_1,LogReg,0.65,NA
bbbp,spectra_tanimoto,0.65_1,RF,0.65,NA
bbbp,spectra_tanimoto,0.65_1,XGB,0.65,NA
bbbp,spectra_tanimoto,0.65_1,SVM,0.65,NA
bbbp,spectra_tanimoto,0.65_2,LogReg,0.65,0.916666666666667
bbbp,spectra_tanimoto,0.65_2,RF,0.65,1
bbbp,spectra_tanimoto,0.65_2,XGB,0.65,0.833333333333333
bbbp,spectra_tanimoto,0.65_2,SVM,0.65,1
bbbp,spectra_tanimoto,0.70_0,LogReg,0.70,0.75
bbbp,spectra_tanimoto,0.70_0,RF,0.70,0.75
bbbp,spectra_tanimoto,0.70_0,XGB,0.70,0.75
bbbp,spectra_tanimoto,0.70_0,SVM,0.70,0
bbbp,spectra_tanimoto,0.70_1,LogReg,0.70,0.555555555555556
bbbp,spectra_tanimoto,0.70_1,RF,0.70,0.666666666666667
bbbp,spectra_tanimoto,0.70_1,XGB,0.70,0.333333333333333
bbbp,spectra_tanimoto,0.70_1,SVM,0.70,0.555555555555556
bbbp,spectra_tanimoto,0.70_2,LogReg,0.70,1
bbbp,spectra_tanimoto,0.70_2,RF,0.70,0.666666666666667
bbbp,spectra_tanimoto,0.70_2,XGB,0.70,1
bbbp,spectra_tanimoto,0.70_2,SVM,0.70,0.666666666666667
bbbp,spectra_tanimoto,0.75_0,LogReg,0.75,NA
bbbp,spectra_tanimoto,0.75_0,RF,0.75,NA
bbbp,spectra_tanimoto,0.75_0,XGB,0.75,NA
bbbp,spectra_tanimoto,0.75_0,SVM,0.75,NA
bbbp,spectra_tanimoto,0.75_1,LogReg,0.75,NA
bbbp,spectra_tanimoto,0.75_1,RF,0.75,NA
bbbp,spectra_tanimoto,0.75_1,XGB,0.75,NA
bbbp,spectra_tanimoto,0.75_1,SVM,0.75,NA
bbbp,spectra_tanimoto,0.75_2,LogReg,0.75,0.6
bbbp,spectra_tanimoto,0.75_2,RF,0.75,1
bbbp,spectra_tanimoto,0.75_2,XGB,0.75,1
bbbp,spectra_tanimoto,0.75_2,SVM,0.75,0.4
bbbp,random,1,LogReg,NA,0.865980629539952
bbbp,random,1,RF,NA,0.89510549982705
bbbp,random,1,XGB,NA,0.873867173988239
bbbp,random,1,SVM,NA,0.878951919750951
bbbp,random,2,LogReg,NA,0.871966839820679
bbbp,random,2,RF,NA,0.9019604354942
bbbp,random,2,XGB,NA,0.868782466377286
bbbp,random,2,SVM,NA,0.881288692805807
bbbp,random,3,LogReg,NA,0.925886356441912
bbbp,random,3,RF,NA,0.932949509338398
bbbp,random,3,XGB,NA,0.918605571383349
bbbp,random,3,SVM,NA,0.921810699588477
bbbp,random,4,LogReg,NA,0.902276759314016
bbbp,random,4,RF,NA,0.926504287403903
bbbp,random,4,XGB,NA,0.915102010644589
bbbp,random,4,SVM,NA,0.907118568894146
bbbp,random,5,LogReg,NA,0.930307311903921
bbbp,random,5,RF,NA,0.94325326739668
bbbp,random,5,XGB,NA,0.916672553867891
bbbp,random,5,SVM,NA,0.945072412575062
bbbp,scaffold,1,LogReg,NA,0.835011398176292
bbbp,scaffold,1,RF,NA,0.874738791793313
bbbp,scaffold,1,XGB,NA,0.833349164133739
bbbp,scaffold,1,SVM,NA,0.878561930091185
bbbp,scaffold,2,LogReg,NA,0.854194177199271
bbbp,scaffold,2,RF,NA,0.852590706156071
bbbp,scaffold,2,XGB,NA,0.862667421241275
bbbp,scaffold,2,SVM,NA,0.873718795195875
bbbp,scaffold,3,LogReg,NA,0.921109723226612
bbbp,scaffold,3,RF,NA,0.935112747353889
bbbp,scaffold,3,XGB,NA,0.919236079153244
bbbp,scaffold,3,SVM,NA,0.936476891723095
bbbp,scaffold,4,LogReg,NA,0.847628222163168
bbbp,scaffold,4,RF,NA,0.890363406856232
bbbp,scaffold,4,XGB,NA,0.867957746478873
bbbp,scaffold,4,SVM,NA,0.893303215519532
bbbp,scaffold,5,LogReg,NA,0.892904290429043
bbbp,scaffold,5,RF,NA,0.889347268060139
bbbp,scaffold,5,XGB,NA,0.832489915658233
bbbp,scaffold,5,SVM,NA,0.878034470113678
bbbp,umap,1,LogReg,NA,0.762784090909091
bbbp,umap,1,RF,NA,0.536931818181818
bbbp,umap,1,XGB,NA,0.728338068181818
bbbp,umap,1,SVM,NA,0.683948863636364
bbbp,umap,2,LogReg,NA,0.737571651902032
bbbp,umap,2,RF,NA,0.817066180302241
bbbp,umap,2,XGB,NA,0.765607087024492
bbbp,umap,2,SVM,NA,0.815476810838979
bbbp,umap,3,LogReg,NA,0.89772341148488
bbbp,umap,3,RF,NA,0.760788311247027
bbbp,umap,3,XGB,NA,0.818212708120965
bbbp,umap,3,SVM,NA,0.795786612300374
bbbp,umap,4,LogReg,NA,0.675521350546177
bbbp,umap,4,RF,NA,0.838008937437934
bbbp,umap,4,XGB,NA,0.497889771598808
bbbp,umap,4,SVM,NA,0.8987090367428
bbbp,umap,5,LogReg,NA,0.93944099378882
bbbp,umap,5,RF,NA,0.906832298136646
bbbp,umap,5,XGB,NA,0.920807453416149
bbbp,umap,5,SVM,NA,0.93944099378882
clintox,spectra_tanimoto,0.00_0,LogReg,0.00,0.886091529165494
clintox,spectra_tanimoto,0.00_0,RF,0.00,0.873817295683225
clintox,spectra_tanimoto,0.00_0,XGB,0.00,0.850457383536549
clintox,spectra_tanimoto,0.00_0,SVM,0.00,0.917222398827952
clintox,spectra_tanimoto,0.00_1,LogReg,0.00,0.799120426898205
clintox,spectra_tanimoto,0.00_1,RF,0.00,0.719236987292543
clintox,spectra_tanimoto,0.00_1,XGB,0.00,0.730471894360783
clintox,spectra_tanimoto,0.00_1,SVM,0.00,0.786830145163478
clintox,spectra_tanimoto,0.00_2,LogReg,0.00,0.78027740050212
clintox,spectra_tanimoto,0.00_2,RF,0.00,0.762675776158922
clintox,spectra_tanimoto,0.00_2,XGB,0.00,0.742957292395495
clintox,spectra_tanimoto,0.00_2,SVM,0.00,0.807202535292423
clintox,spectra_tanimoto,0.05_0,LogReg,0.05,0.726463293650794
clintox,spectra_tanimoto,0.05_0,RF,0.05,0.66538318452381
clintox,spectra_tanimoto,0.05_0,XGB,0.05,0.606175595238095
clintox,spectra_tanimoto,0.05_0,SVM,0.05,0.741307043650794
clintox,spectra_tanimoto,0.05_1,LogReg,0.05,0.803671690307329
clintox,spectra_tanimoto,0.05_1,RF,0.05,0.749242760047281
clintox,spectra_tanimoto,0.05_1,XGB,0.05,0.863388987391647
clintox,spectra_tanimoto,0.05_1,SVM,0.05,0.741590327029157
clintox,spectra_tanimoto,0.05_2,LogReg,0.05,0.760130073109613
clintox,spectra_tanimoto,0.05_2,RF,0.05,0.812796281226588
clintox,spectra_tanimoto,0.05_2,XGB,0.05,0.669160703367864
clintox,spectra_tanimoto,0.05_2,SVM,0.05,0.866662145754217
clintox,spectra_tanimoto,0.10_0,LogReg,0.10,0.8499000999001
clintox,spectra_tanimoto,0.10_0,RF,0.10,0.651290376290376
clintox,spectra_tanimoto,0.10_0,XGB,0.10,0.681451881451882
clintox,spectra_tanimoto,0.10_0,SVM,0.10,0.817665667665668
clintox,spectra_tanimoto,0.10_1,LogReg,0.10,0.758241758241758
clintox,spectra_tanimoto,0.10_1,RF,0.10,0.634157509157509
clintox,spectra_tanimoto,0.10_1,XGB,0.10,0.616758241758242
clintox,spectra_tanimoto,0.10_1,SVM,0.10,0.788461538461538
clintox,spectra_tanimoto,0.10_2,LogReg,0.10,0.463815789473684
clintox,spectra_tanimoto,0.10_2,RF,0.10,0.536184210526316
clintox,spectra_tanimoto,0.10_2,XGB,0.10,0.712993421052632
clintox,spectra_tanimoto,0.10_2,SVM,0.10,0.384868421052632
clintox,spectra_tanimoto,0.15_0,LogReg,0.15,0.542794117647059
clintox,spectra_tanimoto,0.15_0,RF,0.15,0.466666666666667
clintox,spectra_tanimoto,0.15_0,XGB,0.15,0.386372549019608
clintox,spectra_tanimoto,0.15_0,SVM,0.15,0.943660130718954
clintox,spectra_tanimoto,0.15_1,LogReg,0.15,0.529102344196684
clintox,spectra_tanimoto,0.15_1,RF,0.15,0.466523727844483
clintox,spectra_tanimoto,0.15_1,XGB,0.15,0.582075471698113
clintox,spectra_tanimoto,0.15_1,SVM,0.15,0.722813036020583
clintox,spectra_tanimoto,0.15_2,LogReg,0.15,0.675925925925926
clintox,spectra_tanimoto,0.15_2,RF,0.15,0.388888888888889
clintox,spectra_tanimoto,0.15_2,XGB,0.15,0.291666666666667
clintox,spectra_tanimoto,0.15_2,SVM,0.15,0.685185185185185
clintox,spectra_tanimoto,0.20_0,LogReg,0.20,0.763157894736842
clintox,spectra_tanimoto,0.20_0,RF,0.20,0.62280701754386
clintox,spectra_tanimoto,0.20_0,XGB,0.20,0.600877192982456
clintox,spectra_tanimoto,0.20_0,SVM,0.20,0.236842105263158
clintox,spectra_tanimoto,0.20_1,LogReg,0.20,0.785585585585586
clintox,spectra_tanimoto,0.20_1,RF,0.20,0.817760617760618
clintox,spectra_tanimoto,0.20_1,XGB,0.20,0.423359073359073
clintox,spectra_tanimoto,0.20_1,SVM,0.20,0.0476190476190476
clintox,spectra_tanimoto,0.20_2,LogReg,0.20,0.444407894736842
clintox,spectra_tanimoto,0.20_2,RF,0.20,0.668201754385965
clintox,spectra_tanimoto,0.20_2,XGB,0.20,0.517324561403509
clintox,spectra_tanimoto,0.20_2,SVM,0.20,0.795394736842105
clintox,spectra_tanimoto,0.25_0,LogReg,0.25,0.0833333333333333
clintox,spectra_tanimoto,0.25_0,RF,0.25,0.0833333333333333
clintox,spectra_tanimoto,0.25_0,XGB,0.25,0.37962962962963
clintox,spectra_tanimoto,0.25_0,SVM,0.25,0
clintox,spectra_tanimoto,0.25_1,LogReg,0.25,0.780241935483871
clintox,spectra_tanimoto,0.25_1,RF,0.25,0.513575268817204
clintox,spectra_tanimoto,0.25_1,XGB,0.25,0.780510752688172
clintox,spectra_tanimoto,0.25_1,SVM,0.25,0.245161290322581
clintox,spectra_tanimoto,0.25_2,LogReg,0.25,NA
clintox,spectra_tanimoto,0.25_2,RF,0.25,NA
clintox,spectra_tanimoto,0.25_2,XGB,0.25,NA
clintox,spectra_tanimoto,0.25_2,SVM,0.25,NA
clintox,spectra_tanimoto,0.30_0,LogReg,0.30,0.445652173913043
clintox,spectra_tanimoto,0.30_0,RF,0.30,0.652173913043478
clintox,spectra_tanimoto,0.30_0,XGB,0.30,0.956521739130435
clintox,spectra_tanimoto,0.30_0,SVM,0.30,0.260869565217391
clintox,spectra_tanimoto,0.30_1,LogReg,0.30,NA
clintox,spectra_tanimoto,0.30_1,RF,0.30,NA
clintox,spectra_tanimoto,0.30_1,XGB,0.30,NA
clintox,spectra_tanimoto,0.30_1,SVM,0.30,NA
clintox,spectra_tanimoto,0.30_2,LogReg,0.30,NA
clintox,spectra_tanimoto,0.30_2,RF,0.30,NA
clintox,spectra_tanimoto,0.30_2,XGB,0.30,NA
clintox,spectra_tanimoto,0.30_2,SVM,0.30,NA
clintox,spectra_tanimoto,0.35_0,LogReg,0.35,0.802631578947368
clintox,spectra_tanimoto,0.35_0,RF,0.35,0.144736842105263
clintox,spectra_tanimoto,0.35_0,XGB,0.35,0.43421052631579
clintox,spectra_tanimoto,0.35_0,SVM,0.35,0.157894736842105
clintox,spectra_tanimoto,0.35_1,LogReg,0.35,NA
clintox,spectra_tanimoto,0.35_1,RF,0.35,NA
clintox,spectra_tanimoto,0.35_1,XGB,0.35,NA
clintox,spectra_tanimoto,0.35_1,SVM,0.35,NA
clintox,spectra_tanimoto,0.35_2,LogReg,0.35,0.447368421052632
clintox,spectra_tanimoto,0.35_2,RF,0.35,0.789473684210526
clintox,spectra_tanimoto,0.35_2,XGB,0.35,0.447368421052632
clintox,spectra_tanimoto,0.35_2,SVM,0.35,0
clintox,spectra_tanimoto,0.40_0,LogReg,0.40,NA
clintox,spectra_tanimoto,0.40_0,RF,0.40,NA
clintox,spectra_tanimoto,0.40_0,XGB,0.40,NA
clintox,spectra_tanimoto,0.40_0,SVM,0.40,NA
clintox,spectra_tanimoto,0.40_1,LogReg,0.40,NA
clintox,spectra_tanimoto,0.40_1,RF,0.40,NA
clintox,spectra_tanimoto,0.40_1,XGB,0.40,NA
clintox,spectra_tanimoto,0.40_1,SVM,0.40,NA
clintox,spectra_tanimoto,0.40_2,LogReg,0.40,0.966666666666667
clintox,spectra_tanimoto,0.40_2,RF,0.40,0.566666666666667
clintox,spectra_tanimoto,0.40_2,XGB,0.40,0.983333333333333
clintox,spectra_tanimoto,0.40_2,SVM,0.40,0.433333333333333
clintox,spectra_tanimoto,0.45_0,LogReg,0.45,NA
clintox,spectra_tanimoto,0.45_0,RF,0.45,NA
clintox,spectra_tanimoto,0.45_0,XGB,0.45,NA
clintox,spectra_tanimoto,0.45_0,SVM,0.45,NA
clintox,spectra_tanimoto,0.45_1,LogReg,0.45,NA
clintox,spectra_tanimoto,0.45_1,RF,0.45,NA
clintox,spectra_tanimoto,0.45_1,XGB,0.45,NA
clintox,spectra_tanimoto,0.45_1,SVM,0.45,NA
clintox,spectra_tanimoto,0.50_0,LogReg,0.50,NA
clintox,spectra_tanimoto,0.50_0,RF,0.50,NA
clintox,spectra_tanimoto,0.50_0,XGB,0.50,NA
clintox,spectra_tanimoto,0.50_0,SVM,0.50,NA
clintox,spectra_tanimoto,0.50_1,LogReg,0.50,NA
clintox,spectra_tanimoto,0.50_1,RF,0.50,NA
clintox,spectra_tanimoto,0.50_1,XGB,0.50,NA
clintox,spectra_tanimoto,0.50_1,SVM,0.50,NA
clintox,spectra_tanimoto,0.55_0,LogReg,0.55,NA
clintox,spectra_tanimoto,0.55_0,RF,0.55,NA
clintox,spectra_tanimoto,0.55_0,XGB,0.55,NA
clintox,spectra_tanimoto,0.55_0,SVM,0.55,NA
clintox,spectra_tanimoto,0.55_1,LogReg,0.55,NA
clintox,spectra_tanimoto,0.55_1,RF,0.55,NA
clintox,spectra_tanimoto,0.55_1,XGB,0.55,NA
clintox,spectra_tanimoto,0.55_1,SVM,0.55,NA
clintox,spectra_tanimoto,0.55_2,LogReg,0.55,NA
clintox,spectra_tanimoto,0.55_2,RF,0.55,NA
clintox,spectra_tanimoto,0.55_2,XGB,0.55,NA
clintox,spectra_tanimoto,0.55_2,SVM,0.55,NA
clintox,spectra_tanimoto,0.60_0,LogReg,0.60,NA
clintox,spectra_tanimoto,0.60_0,RF,0.60,NA
clintox,spectra_tanimoto,0.60_0,XGB,0.60,NA
clintox,spectra_tanimoto,0.60_0,SVM,0.60,NA
clintox,spectra_tanimoto,0.60_1,LogReg,0.60,NA
clintox,spectra_tanimoto,0.60_1,RF,0.60,NA
clintox,spectra_tanimoto,0.60_1,XGB,0.60,NA
clintox,spectra_tanimoto,0.60_1,SVM,0.60,NA
clintox,spectra_tanimoto,0.60_2,LogReg,0.60,NA
clintox,spectra_tanimoto,0.60_2,RF,0.60,NA
clintox,spectra_tanimoto,0.60_2,XGB,0.60,NA
clintox,spectra_tanimoto,0.60_2,SVM,0.60,NA
clintox,spectra_tanimoto,0.65_0,LogReg,0.65,NA
clintox,spectra_tanimoto,0.65_0,RF,0.65,NA
clintox,spectra_tanimoto,0.65_0,XGB,0.65,NA
clintox,spectra_tanimoto,0.65_0,SVM,0.65,NA
clintox,spectra_tanimoto,0.65_1,LogReg,0.65,NA
clintox,spectra_tanimoto,0.65_1,RF,0.65,NA
clintox,spectra_tanimoto,0.65_1,XGB,0.65,NA
clintox,spectra_tanimoto,0.65_1,SVM,0.65,NA
clintox,spectra_tanimoto,0.65_2,LogReg,0.65,NA
clintox,spectra_tanimoto,0.65_2,RF,0.65,NA
clintox,spectra_tanimoto,0.65_2,XGB,0.65,NA
clintox,spectra_tanimoto,0.65_2,SVM,0.65,NA
clintox,spectra_tanimoto,0.70_0,LogReg,0.70,NA
clintox,spectra_tanimoto,0.70_0,RF,0.70,NA
clintox,spectra_tanimoto,0.70_0,XGB,0.70,NA
clintox,spectra_tanimoto,0.70_0,SVM,0.70,NA
clintox,spectra_tanimoto,0.70_1,LogReg,0.70,NA
clintox,spectra_tanimoto,0.70_1,RF,0.70,NA
clintox,spectra_tanimoto,0.70_1,XGB,0.70,NA
clintox,spectra_tanimoto,0.70_1,SVM,0.70,NA
clintox,spectra_tanimoto,0.75_1,LogReg,0.75,NA
clintox,spectra_tanimoto,0.75_1,RF,0.75,NA
clintox,spectra_tanimoto,0.75_1,XGB,0.75,NA
clintox,spectra_tanimoto,0.75_1,SVM,0.75,NA
clintox,spectra_tanimoto,0.75_2,LogReg,0.75,NA
clintox,spectra_tanimoto,0.75_2,RF,0.75,NA
clintox,spectra_tanimoto,0.75_2,XGB,0.75,NA
clintox,spectra_tanimoto,0.75_2,SVM,0.75,NA
clintox,spectra_tanimoto,0.80_1,LogReg,0.80,0.5
clintox,spectra_tanimoto,0.80_1,RF,0.80,0.125
clintox,spectra_tanimoto,0.80_1,XGB,0.80,0.75
clintox,spectra_tanimoto,0.80_1,SVM,0.80,0
clintox,random,1,LogReg,NA,0.856513343774952
clintox,random,1,RF,NA,0.821042741539217
clintox,random,1,XGB,NA,0.766014449358148
clintox,random,1,SVM,NA,0.883356750199619
clintox,random,2,LogReg,NA,0.862055095639654
clintox,random,2,RF,NA,0.808597156519951
clintox,random,2,XGB,NA,0.853882918552036
clintox,random,2,SVM,NA,0.865141852632662
clintox,random,3,LogReg,NA,0.842385671882075
clintox,random,3,RF,NA,0.785774890577049
clintox,random,3,XGB,NA,0.820199979876239
clintox,random,3,SVM,NA,0.873233133772702
clintox,random,4,LogReg,NA,0.832403057886078
clintox,random,4,RF,NA,0.785408254897766
clintox,random,4,XGB,NA,0.828436828565856
clintox,random,4,SVM,NA,0.873170710607362
clintox,random,5,LogReg,NA,0.8801334630282
clintox,random,5,RF,NA,0.773602347944453
clintox,random,5,XGB,NA,0.817253725806357
clintox,random,5,SVM,NA,0.870293011082485
clintox,scaffold,1,LogReg,NA,0.780622819040042
clintox,scaffold,1,RF,NA,0.793060779037072
clintox,scaffold,1,XGB,NA,0.784242279955975
clintox,scaffold,1,SVM,NA,0.81924511919925
clintox,scaffold,2,LogReg,NA,0.885630624519513
clintox,scaffold,2,RF,NA,0.809091936869715
clintox,scaffold,2,XGB,NA,0.759420928865373
clintox,scaffold,2,SVM,NA,0.871491317324651
clintox,scaffold,3,LogReg,NA,0.83987111698612
clintox,scaffold,3,RF,NA,0.776347350738048
clintox,scaffold,3,XGB,NA,0.740292465300727
clintox,scaffold,3,SVM,NA,0.874796210619079
clintox,scaffold,4,LogReg,NA,0.754664874206327
clintox,scaffold,4,RF,NA,0.725487023796404
clintox,scaffold,4,XGB,NA,0.736942152207589
clintox,scaffold,4,SVM,NA,0.808248914727258
clintox,scaffold,5,LogReg,NA,0.790808825952675
clintox,scaffold,5,RF,NA,0.783843224621634
clintox,scaffold,5,XGB,NA,0.816515269770417
clintox,scaffold,5,SVM,NA,0.862459540651745
clintox,umap,1,LogReg,NA,0.838932869569265
clintox,umap,1,RF,NA,0.776670418369226
clintox,umap,1,XGB,NA,0.800190279371556
clintox,umap,1,SVM,NA,0.868412764187659
clintox,umap,2,LogReg,NA,0.800363460541254
clintox,umap,2,RF,NA,0.714797410744953
clintox,umap,2,XGB,NA,0.666787948874584
clintox,umap,2,SVM,NA,0.825658894172186
clintox,umap,3,LogReg,NA,0.768481537372382
clintox,umap,3,RF,NA,0.695541093784932
clintox,umap,3,XGB,NA,0.739952329719055
clintox,umap,3,SVM,NA,0.81609096709889
clintox,umap,4,LogReg,NA,0.80465783179551
clintox,umap,4,RF,NA,0.706336632300069
clintox,umap,4,XGB,NA,0.697471058112689
clintox,umap,4,SVM,NA,0.765273812231055
clintox,umap,5,LogReg,NA,0.811842600215762
clintox,umap,5,RF,NA,0.677785292748856
clintox,umap,5,XGB,NA,0.701640780890059
clintox,umap,5,SVM,NA,0.765306185818922
delaney,spectra_tanimoto,0.00_0,KRR,0.00,1.7412129893688
delaney,spectra_tanimoto,0.00_0,LinReg,0.00,2.09553573451223
delaney,spectra_tanimoto,0.00_1,KRR,0.00,1.70343017545983
delaney,spectra_tanimoto,0.00_1,LinReg,0.00,2.07862895492448
delaney,spectra_tanimoto,0.00_2,KRR,0.00,1.77935075840822
delaney,spectra_tanimoto,0.00_2,LinReg,0.00,2.10555691933557
delaney,spectra_tanimoto,0.05_0,KRR,0.05,1.83340175011726
delaney,spectra_tanimoto,0.05_0,LinReg,0.05,2.11623446960027
delaney,spectra_tanimoto,0.05_1,KRR,0.05,1.86404205109495
delaney,spectra_tanimoto,0.05_1,LinReg,0.05,2.02897663277426
delaney,spectra_tanimoto,0.05_2,KRR,0.05,1.64209111322212
delaney,spectra_tanimoto,0.05_2,LinReg,0.05,1.92039015927967
delaney,spectra_tanimoto,0.10_0,KRR,0.10,1.84947549991084
delaney,spectra_tanimoto,0.10_0,LinReg,0.10,1.9683323189491
delaney,spectra_tanimoto,0.10_1,KRR,0.10,1.96630922472011
delaney,spectra_tanimoto,0.10_1,LinReg,0.10,2.14237343865228
delaney,spectra_tanimoto,0.10_2,KRR,0.10,1.8060852829585
delaney,spectra_tanimoto,0.10_2,LinReg,0.10,1.95376230158937
delaney,spectra_tanimoto,0.15_0,KRR,0.15,1.98003045228503
delaney,spectra_tanimoto,0.15_0,LinReg,0.15,2.07398879269446
delaney,spectra_tanimoto,0.15_1,KRR,0.15,1.82058214577961
delaney,spectra_tanimoto,0.15_1,LinReg,0.15,1.96727726243159
delaney,spectra_tanimoto,0.15_2,KRR,0.15,2.39542195587514
delaney,spectra_tanimoto,0.15_2,LinReg,0.15,2.50424755986035
delaney,spectra_tanimoto,0.20_0,KRR,0.20,1.83018041967485
delaney,spectra_tanimoto,0.20_0,LinReg,0.20,1.87557237160835
delaney,spectra_tanimoto,0.20_1,KRR,0.20,1.97621112995491
delaney,spectra_tanimoto,0.20_1,LinReg,0.20,2.0653175333751
delaney,spectra_tanimoto,0.20_2,KRR,0.20,1.82927223644329
delaney,spectra_tanimoto,0.20_2,LinReg,0.20,1.87708124529847
delaney,spectra_tanimoto,0.25_0,KRR,0.25,2.51468164522551
delaney,spectra_tanimoto,0.25_0,LinReg,0.25,2.57307145160828
delaney,spectra_tanimoto,0.25_1,KRR,0.25,2.56752717100945
delaney,spectra_tanimoto,0.25_1,LinReg,0.25,2.65495509373136
delaney,spectra_tanimoto,0.25_2,KRR,0.25,1.83131633842344
delaney,spectra_tanimoto,0.25_2,LinReg,0.25,1.85274775484709
delaney,spectra_tanimoto,0.30_0,KRR,0.30,1.97336878751214
delaney,spectra_tanimoto,0.30_0,LinReg,0.30,2.05861230456041
delaney,spectra_tanimoto,0.30_1,KRR,0.30,2.54637817496427
delaney,spectra_tanimoto,0.30_1,LinReg,0.30,2.57791750325283
delaney,spectra_tanimoto,0.30_2,KRR,0.30,2.58275572407889
delaney,spectra_tanimoto,0.30_2,LinReg,0.30,2.61505425471481
delaney,spectra_tanimoto,0.35_0,KRR,0.35,1.17806306928786
delaney,spectra_tanimoto,0.35_0,LinReg,0.35,1.22113370682969
delaney,spectra_tanimoto,0.35_1,KRR,0.35,2.10272376510319
delaney,spectra_tanimoto,0.35_1,LinReg,0.35,2.13587404082419
delaney,spectra_tanimoto,0.35_2,KRR,0.35,1.91055612521428
delaney,spectra_tanimoto,0.35_2,LinReg,0.35,1.93091149765771
delaney,spectra_tanimoto,0.40_0,KRR,0.40,2.71891315287136
delaney,spectra_tanimoto,0.40_0,LinReg,0.40,2.72368062157556
delaney,spectra_tanimoto,0.40_1,KRR,0.40,1.65638611720473
delaney,spectra_tanimoto,0.40_1,LinReg,0.40,1.7490217379798
delaney,spectra_tanimoto,0.40_2,KRR,0.40,3.35114565997342
delaney,spectra_tanimoto,0.40_2,LinReg,0.40,3.40320898733215
delaney,spectra_tanimoto,0.45_0,KRR,0.45,1.86111487470946
delaney,spectra_tanimoto,0.45_0,LinReg,0.45,1.8567157300336
delaney,spectra_tanimoto,0.45_1,KRR,0.45,1.91933447757911
delaney,spectra_tanimoto,0.45_1,LinReg,0.45,1.91214166519822
delaney,spectra_tanimoto,0.45_2,KRR,0.45,1.52010445059385
delaney,spectra_tanimoto,0.45_2,LinReg,0.45,1.55813363791428
delaney,spectra_tanimoto,0.50_0,KRR,0.50,1.84708384602121
delaney,spectra_tanimoto,0.50_0,LinReg,0.50,1.89861738915454
delaney,spectra_tanimoto,0.50_1,KRR,0.50,1.49215564999737
delaney,spectra_tanimoto,0.50_1,LinReg,0.50,1.44974495969625
delaney,spectra_tanimoto,0.50_2,KRR,0.50,3.08051127766944
delaney,spectra_tanimoto,0.50_2,LinReg,0.50,3.06794268681799
delaney,spectra_tanimoto,0.55_0,KRR,0.55,1.42762439399283
delaney,spectra_tanimoto,0.55_0,LinReg,0.55,1.50712138645152
delaney,spectra_tanimoto,0.55_1,KRR,0.55,1.76273099163096
delaney,spectra_tanimoto,0.55_1,LinReg,0.55,1.68935456704198
delaney,spectra_tanimoto,0.55_2,KRR,0.55,2.43546204484337
delaney,spectra_tanimoto,0.55_2,LinReg,0.55,2.44985109094612
delaney,spectra_tanimoto,0.60_0,KRR,0.60,1.9268945823945
delaney,spectra_tanimoto,0.60_0,LinReg,0.60,2.00819068491755
delaney,spectra_tanimoto,0.60_1,KRR,0.60,1.48538506193196
delaney,spectra_tanimoto,0.60_1,LinReg,0.60,1.45317793936489
delaney,spectra_tanimoto,0.60_2,KRR,0.60,1.58249926110062
delaney,spectra_tanimoto,0.60_2,LinReg,0.60,1.53286464757257
delaney,random,1,KRR,NA,1.78506256345675
delaney,random,1,LinReg,NA,2.12179707815465
delaney,random,2,KRR,NA,1.79043320347251
delaney,random,2,LinReg,NA,2.07409607454049
delaney,random,3,KRR,NA,1.72381713599113
delaney,random,3,LinReg,NA,2.04680906547466
delaney,random,4,KRR,NA,1.70008300995292
delaney,random,4,LinReg,NA,2.06894636769973
delaney,random,5,KRR,NA,1.86303997120302
delaney,random,5,LinReg,NA,2.20132631124319
delaney,scaffold,1,KRR,NA,1.88096165317131
delaney,scaffold,1,LinReg,NA,2.1604102742437
delaney,scaffold,2,KRR,NA,1.77764491422435
delaney,scaffold,2,LinReg,NA,2.05317339014088
delaney,scaffold,3,KRR,NA,1.80873831933518
delaney,scaffold,3,LinReg,NA,2.10314563444345
delaney,scaffold,4,KRR,NA,2.09100127559444
delaney,scaffold,4,LinReg,NA,2.37259196899562
delaney,scaffold,5,KRR,NA,2.55459411192855
delaney,scaffold,5,LinReg,NA,2.89588003515584
delaney,umap,1,KRR,NA,2.07991462766816
delaney,umap,1,LinReg,NA,2.22093205341826
delaney,umap,2,KRR,NA,2.05736654396376
delaney,umap,2,LinReg,NA,2.40792297191271
delaney,umap,3,KRR,NA,2.39171562783193
delaney,umap,3,LinReg,NA,2.61037269170104
delaney,umap,4,KRR,NA,1.65240580143158
delaney,umap,4,LinReg,NA,2.01116115549422
delaney,umap,5,KRR,NA,2.10493360160363
delaney,umap,5,LinReg,NA,2.27482430979947
freesolv,spectra_tanimoto,0.00_0,KRR,0.00,3.53691056718167
freesolv,spectra_tanimoto,0.00_0,LinReg,0.00,3.94283422045164
freesolv,spectra_tanimoto,0.00_1,KRR,0.00,3.22168763940525
freesolv,spectra_tanimoto,0.00_1,LinReg,0.00,3.71390109947099
freesolv,spectra_tanimoto,0.00_2,KRR,0.00,3.44830419810956
freesolv,spectra_tanimoto,0.00_2,LinReg,0.00,3.86806480374075
freesolv,spectra_tanimoto,0.05_0,KRR,0.05,3.49712425702983
freesolv,spectra_tanimoto,0.05_0,LinReg,0.05,3.81330428202056
freesolv,spectra_tanimoto,0.05_1,KRR,0.05,2.90589671551953
freesolv,spectra_tanimoto,0.05_1,LinReg,0.05,3.27125837773919
freesolv,spectra_tanimoto,0.05_2,KRR,0.05,2.85176032960655
freesolv,spectra_tanimoto,0.05_2,LinReg,0.05,3.207921688319
freesolv,spectra_tanimoto,0.10_0,KRR,0.10,4.55639827865067
freesolv,spectra_tanimoto,0.10_0,LinReg,0.10,4.87832991876675
freesolv,spectra_tanimoto,0.10_1,KRR,0.10,3.38040388079541
freesolv,spectra_tanimoto,0.10_1,LinReg,0.10,3.65078614946387
freesolv,spectra_tanimoto,0.10_2,KRR,0.10,3.73230233138858
freesolv,spectra_tanimoto,0.10_2,LinReg,0.10,3.99403913806107
freesolv,spectra_tanimoto,0.15_0,KRR,0.15,3.78497440915322
freesolv,spectra_tanimoto,0.15_0,LinReg,0.15,3.94048555602397
freesolv,spectra_tanimoto,0.15_1,KRR,0.15,3.2562438520886
freesolv,spectra_tanimoto,0.15_1,LinReg,0.15,3.41267987880981
freesolv,spectra_tanimoto,0.15_2,KRR,0.15,3.72944553430089
freesolv,spectra_tanimoto,0.15_2,LinReg,0.15,3.89418931059435
freesolv,spectra_tanimoto,0.20_0,KRR,0.20,4.48117481457946
freesolv,spectra_tanimoto,0.20_0,LinReg,0.20,4.65450623132646
freesolv,spectra_tanimoto,0.20_1,KRR,0.20,3.08307218138832
freesolv,spectra_tanimoto,0.20_1,LinReg,0.20,3.18940827869115
freesolv,spectra_tanimoto,0.20_2,KRR,0.20,4.5940121825989
freesolv,spectra_tanimoto,0.20_2,LinReg,0.20,4.72026454228625
freesolv,spectra_tanimoto,0.25_0,KRR,0.25,3.5547313494545
freesolv,spectra_tanimoto,0.25_0,LinReg,0.25,3.62273120274565
freesolv,spectra_tanimoto,0.25_1,KRR,0.25,5.40610596044171
freesolv,spectra_tanimoto,0.25_1,LinReg,0.25,5.39215975668717
freesolv,spectra_tanimoto,0.25_2,KRR,0.25,4.88102574764188
freesolv,spectra_tanimoto,0.25_2,LinReg,0.25,5.00553451038886
freesolv,spectra_tanimoto,0.30_0,KRR,0.30,2.74044738487438
freesolv,spectra_tanimoto,0.30_0,LinReg,0.30,2.73490281600654
freesolv,spectra_tanimoto,0.30_1,KRR,0.30,6.05123198665229
freesolv,spectra_tanimoto,0.30_1,LinReg,0.30,6.3087580206521
freesolv,spectra_tanimoto,0.30_2,KRR,0.30,2.45294558465422
freesolv,spectra_tanimoto,0.30_2,LinReg,0.30,2.46953879049732
freesolv,spectra_tanimoto,0.35_0,KRR,0.35,4.55081929074538
freesolv,spectra_tanimoto,0.35_0,LinReg,0.35,3.88309089704924
freesolv,spectra_tanimoto,0.35_1,KRR,0.35,3.11368084899435
freesolv,spectra_tanimoto,0.35_1,LinReg,0.35,3.1251313771692
freesolv,spectra_tanimoto,0.35_2,KRR,0.35,7.52455839424161
freesolv,spectra_tanimoto,0.35_2,LinReg,0.35,7.73582128932721
freesolv,spectra_tanimoto,0.40_0,KRR,0.40,3.15907137699903
freesolv,spectra_tanimoto,0.40_0,LinReg,0.40,3.23196535266335
freesolv,spectra_tanimoto,0.40_1,KRR,0.40,3.86894771006855
freesolv,spectra_tanimoto,0.40_1,LinReg,0.40,4.0208384545454
freesolv,spectra_tanimoto,0.40_2,KRR,0.40,3.38599281679997
freesolv,spectra_tanimoto,0.40_2,LinReg,0.40,2.86968460865784
freesolv,spectra_tanimoto,0.45_0,KRR,0.45,3.97960646985183
freesolv,spectra_tanimoto,0.45_0,LinReg,0.45,4.10812530865203
freesolv,spectra_tanimoto,0.45_1,KRR,0.45,4.83443588803898
freesolv,spectra_tanimoto,0.45_1,LinReg,0.45,4.79162980051865
freesolv,spectra_tanimoto,0.45_2,KRR,0.45,4.68394348026873
freesolv,spectra_tanimoto,0.45_2,LinReg,0.45,4.63995780332243
freesolv,spectra_tanimoto,0.50_0,KRR,0.50,4.28255232426058
freesolv,spectra_tanimoto,0.50_0,LinReg,0.50,4.44678734448532
freesolv,spectra_tanimoto,0.50_1,KRR,0.50,4.1534673878947
freesolv,spectra_tanimoto,0.50_1,LinReg,0.50,5.29253311561149
freesolv,spectra_tanimoto,0.50_2,KRR,0.50,4.29820956217151
freesolv,spectra_tanimoto,0.50_2,LinReg,0.50,3.91517073435646
freesolv,spectra_tanimoto,0.55_0,KRR,0.55,2.60396491652788
freesolv,spectra_tanimoto,0.55_0,LinReg,0.55,2.67679607587764
freesolv,spectra_tanimoto,0.55_1,KRR,0.55,4.14042585538567
freesolv,spectra_tanimoto,0.55_1,LinReg,0.55,4.05872890517954
freesolv,random,1,KRR,NA,3.00739044326555
freesolv,random,1,LinReg,NA,3.47275221716269
freesolv,random,2,KRR,NA,3.99543815362758
freesolv,random,2,LinReg,NA,4.43946465640251
freesolv,random,3,KRR,NA,3.41571834293052
freesolv,random,3,LinReg,NA,3.85749579622705
freesolv,random,4,KRR,NA,3.29459157798982
freesolv,random,4,LinReg,NA,3.74503169501742
freesolv,random,5,KRR,NA,3.67434138367534
freesolv,random,5,LinReg,NA,4.12074629635307
freesolv,scaffold,1,KRR,NA,5.10649513010467
freesolv,scaffold,1,LinReg,NA,5.39892902699449
freesolv,scaffold,2,KRR,NA,5.11956219309759
freesolv,scaffold,2,LinReg,NA,5.38297499087671
freesolv,scaffold,3,KRR,NA,3.86137343837966
freesolv,scaffold,3,LinReg,NA,4.1964149696061
freesolv,scaffold,4,KRR,NA,4.13577739326803
freesolv,scaffold,4,LinReg,NA,4.43250215196344
freesolv,scaffold,5,KRR,NA,4.77571969129596
freesolv,scaffold,5,LinReg,NA,5.03843502055785
freesolv,umap,1,KRR,NA,2.88903056660358
freesolv,umap,1,LinReg,NA,3.44425968375842
freesolv,umap,2,KRR,NA,2.71430372173149
freesolv,umap,2,LinReg,NA,3.19525422103017
freesolv,umap,3,KRR,NA,2.73109973387378
freesolv,umap,3,LinReg,NA,3.2993990860177
freesolv,umap,4,KRR,NA,2.8243826998731
freesolv,umap,4,LinReg,NA,3.39936961011577
freesolv,umap,5,KRR,NA,2.9268052913587
freesolv,umap,5,LinReg,NA,3.55338871042325
lipo,spectra_tanimoto,0.00_0,KRR,0.00,1.06471811322342
lipo,spectra_tanimoto,0.00_0,LinReg,0.00,1.24951831077204
lipo,spectra_tanimoto,0.00_1,KRR,0.00,1.00230018166384
lipo,spectra_tanimoto,0.00_1,LinReg,0.00,1.16623042570405
lipo,spectra_tanimoto,0.00_2,KRR,0.00,0.99483994885778
lipo,spectra_tanimoto,0.00_2,LinReg,0.00,1.1908076148187
lipo,spectra_tanimoto,0.05_0,KRR,0.05,1.20681561449948
lipo,spectra_tanimoto,0.05_0,LinReg,0.05,1.29423017067826
lipo,spectra_tanimoto,0.05_1,KRR,0.05,1.13538160168457
lipo,spectra_tanimoto,0.05_1,LinReg,0.05,1.24483669360977
lipo,spectra_tanimoto,0.05_2,KRR,0.05,1.01460059172292
lipo,spectra_tanimoto,0.05_2,LinReg,0.05,1.11867234463938
lipo,spectra_tanimoto,0.10_0,KRR,0.10,1.06020108101616
lipo,spectra_tanimoto,0.10_0,LinReg,0.10,1.11363478205615
lipo,spectra_tanimoto,0.10_1,KRR,0.10,1.17062074367164
lipo,spectra_tanimoto,0.10_1,LinReg,0.10,1.24506323237066
lipo,spectra_tanimoto,0.10_2,KRR,0.10,1.10425891249338
lipo,spectra_tanimoto,0.10_2,LinReg,0.10,1.15876224045512
lipo,spectra_tanimoto,0.15_0,KRR,0.15,1.09994129096249
lipo,spectra_tanimoto,0.15_0,LinReg,0.15,1.13747032214433
lipo,spectra_tanimoto,0.15_1,KRR,0.15,1.29653722664376
lipo,spectra_tanimoto,0.15_1,LinReg,0.15,1.33574084652084
lipo,spectra_tanimoto,0.15_2,KRR,0.15,1.25023405390668
lipo,spectra_tanimoto,0.15_2,LinReg,0.15,1.2906465341167
lipo,spectra_tanimoto,0.20_0,KRR,0.20,1.19376505022377
lipo,spectra_tanimoto,0.20_0,LinReg,0.20,1.21925325327655
lipo,spectra_tanimoto,0.20_1,KRR,0.20,1.5806736965034
lipo,spectra_tanimoto,0.20_1,LinReg,0.20,1.62769902935578
lipo,spectra_tanimoto,0.20_2,KRR,0.20,1.25769690169153
lipo,spectra_tanimoto,0.20_2,LinReg,0.20,1.29813635839739
lipo,spectra_tanimoto,0.25_0,KRR,0.25,1.27801659861334
lipo,spectra_tanimoto,0.25_0,LinReg,0.25,1.30152731423903
lipo,spectra_tanimoto,0.25_1,KRR,0.25,1.3246897506069
lipo,spectra_tanimoto,0.25_1,LinReg,0.25,1.35497623294165
lipo,spectra_tanimoto,0.25_2,KRR,0.25,1.25902712489586
lipo,spectra_tanimoto,0.25_2,LinReg,0.25,1.28296676780725
lipo,spectra_tanimoto,0.30_0,KRR,0.30,1.5251110771821
lipo,spectra_tanimoto,0.30_0,LinReg,0.30,1.53811695963291
lipo,spectra_tanimoto,0.30_1,KRR,0.30,1.12979677787179
lipo,spectra_tanimoto,0.30_1,LinReg,0.30,1.19000733251786
lipo,spectra_tanimoto,0.30_2,KRR,0.30,1.40210930753171
lipo,spectra_tanimoto,0.30_2,LinReg,0.30,1.43905892504471
lipo,spectra_tanimoto,0.35_0,KRR,0.35,1.33944254737023
lipo,spectra_tanimoto,0.35_0,LinReg,0.35,1.34255208314646
lipo,spectra_tanimoto,0.35_1,KRR,0.35,1.42451355980341
lipo,spectra_tanimoto,0.35_1,LinReg,0.35,1.42611680333063
lipo,spectra_tanimoto,0.35_2,KRR,0.35,1.59190373998569
lipo,spectra_tanimoto,0.35_2,LinReg,0.35,1.60854467362307
lipo,spectra_tanimoto,0.40_0,KRR,0.40,1.23332085615366
lipo,spectra_tanimoto,0.40_0,LinReg,0.40,1.25340964040353
lipo,spectra_tanimoto,0.40_1,KRR,0.40,1.28391393897105
lipo,spectra_tanimoto,0.40_1,LinReg,0.40,1.29325580485741
lipo,spectra_tanimoto,0.40_2,KRR,0.40,1.47003224897858
lipo,spectra_tanimoto,0.40_2,LinReg,0.40,1.48738413959062
lipo,spectra_tanimoto,0.45_0,KRR,0.45,1.37512746820323
lipo,spectra_tanimoto,0.45_0,LinReg,0.45,1.40360401590729
lipo,spectra_tanimoto,0.45_1,KRR,0.45,0.904577211482065
lipo,spectra_tanimoto,0.45_1,LinReg,0.45,0.902081112314465
lipo,spectra_tanimoto,0.45_2,KRR,0.45,1.22072101910222
lipo,spectra_tanimoto,0.45_2,LinReg,0.45,1.22525855786499
lipo,spectra_tanimoto,0.50_0,KRR,0.50,1.32317287376599
lipo,spectra_tanimoto,0.50_0,LinReg,0.50,1.30091868625556
lipo,spectra_tanimoto,0.50_1,KRR,0.50,1.29079477038421
lipo,spectra_tanimoto,0.50_1,LinReg,0.50,1.26888436865042
lipo,spectra_tanimoto,0.50_2,KRR,0.50,1.12413934514851
lipo,spectra_tanimoto,0.50_2,LinReg,0.50,1.09043335328629
lipo,spectra_tanimoto,0.55_0,KRR,0.55,1.05566228153264
lipo,spectra_tanimoto,0.55_0,LinReg,0.55,1.0531691797525
lipo,spectra_tanimoto,0.55_1,KRR,0.55,1.39255703521343
lipo,spectra_tanimoto,0.55_1,LinReg,0.55,1.38569074402804
lipo,spectra_tanimoto,0.55_2,KRR,0.55,1.11544236368124
lipo,spectra_tanimoto,0.55_2,LinReg,0.55,1.08294842734836
lipo,spectra_tanimoto,0.60_0,KRR,0.60,1.37704849734319
lipo,spectra_tanimoto,0.60_0,LinReg,0.60,1.41911381631941
lipo,spectra_tanimoto,0.60_1,KRR,0.60,1.4059422707244
lipo,spectra_tanimoto,0.60_1,LinReg,0.60,1.32273808442942
lipo,spectra_tanimoto,0.60_2,KRR,0.60,0.838578707049164
lipo,spectra_tanimoto,0.60_2,LinReg,0.60,0.861216674246383
lipo,spectra_tanimoto,0.65_0,KRR,0.65,1.19204157199399
lipo,spectra_tanimoto,0.65_0,LinReg,0.65,1.20909696317203
lipo,spectra_tanimoto,0.65_1,KRR,0.65,1.09352084627874
lipo,spectra_tanimoto,0.65_1,LinReg,0.65,1.11056833114428
lipo,spectra_tanimoto,0.65_2,KRR,0.65,1.59808040542941
lipo,spectra_tanimoto,0.65_2,LinReg,0.65,1.58460539663304
lipo,spectra_tanimoto,0.70_1,KRR,0.70,1.30579958329644
lipo,spectra_tanimoto,0.70_1,LinReg,0.70,1.21116279196563
lipo,spectra_tanimoto,0.70_2,KRR,0.70,1.24419495418297
lipo,spectra_tanimoto,0.70_2,LinReg,0.70,1.24794361715782
lipo,random,1,KRR,NA,1.00947623960279
lipo,random,1,LinReg,NA,1.20569719545481
lipo,random,2,KRR,NA,1.04800753145262
lipo,random,2,LinReg,NA,1.23646089374207
lipo,random,3,KRR,NA,0.996466961072696
lipo,random,3,LinReg,NA,1.18241115237731
lipo,random,4,KRR,NA,1.00659941973878
lipo,random,4,LinReg,NA,1.20577312252909
lipo,random,5,KRR,NA,1.05698363600937
lipo,random,5,LinReg,NA,1.21722182904179
lipo,scaffold,1,KRR,NA,1.09258944534488
lipo,scaffold,1,LinReg,NA,1.24289122064359
lipo,scaffold,2,KRR,NA,1.11495469354799
lipo,scaffold,2,LinReg,NA,1.29052414385421
lipo,scaffold,3,KRR,NA,1.08491513532044
lipo,scaffold,3,LinReg,NA,1.25384029541029
lipo,scaffold,4,KRR,NA,1.00118906493019
lipo,scaffold,4,LinReg,NA,1.14047503430213
lipo,scaffold,5,KRR,NA,1.01649972235668
lipo,scaffold,5,LinReg,NA,1.174534130058
lipo,umap,1,KRR,NA,0.945911270769942
lipo,umap,1,LinReg,NA,1.10668045507855
lipo,umap,2,KRR,NA,1.04251622663428
lipo,umap,2,LinReg,NA,1.15931452050957
lipo,umap,3,KRR,NA,0.827291339651723
lipo,umap,3,LinReg,NA,0.971841304113194
lipo,umap,4,KRR,NA,1.33554690062445
lipo,umap,4,LinReg,NA,1.39195320049261
lipo,umap,5,KRR,NA,1.15227742246086
lipo,umap,5,LinReg,NA,1.23728985740659
sider,spectra_tanimoto,0.00_0,LogReg,0.00,0.636128219001837
sider,spectra_tanimoto,0.00_0,RF,0.00,0.658780678148405
sider,spectra_tanimoto,0.00_0,XGB,0.00,0.625784918254482
sider,spectra_tanimoto,0.00_0,SVM,0.00,0.634002661815509
sider,spectra_tanimoto,0.00_1,LogReg,0.00,0.607955248242288
sider,spectra_tanimoto,0.00_1,RF,0.00,0.658839887211262
sider,spectra_tanimoto,0.00_1,XGB,0.00,0.64144187766103
sider,spectra_tanimoto,0.00_1,SVM,0.00,0.617565885459222
sider,spectra_tanimoto,0.00_2,LogReg,0.00,0.622452161277507
sider,spectra_tanimoto,0.00_2,RF,0.00,0.666990366955359
sider,spectra_tanimoto,0.00_2,XGB,0.00,0.637881890991909
sider,spectra_tanimoto,0.00_2,SVM,0.00,0.641208545370394
sider,spectra_tanimoto,0.05_0,LogReg,0.05,0.630951367140581
sider,spectra_tanimoto,0.05_0,RF,0.05,0.634562668596847
sider,spectra_tanimoto,0.05_0,XGB,0.05,0.625241266278217
sider,spectra_tanimoto,0.05_0,SVM,0.05,0.628066451440595
sider,spectra_tanimoto,0.05_1,LogReg,0.05,0.606592933586355
sider,spectra_tanimoto,0.05_1,RF,0.05,0.62519386497673
sider,spectra_tanimoto,0.05_1,XGB,0.05,0.615955690488209
sider,spectra_tanimoto,0.05_1,SVM,0.05,0.628507093457422
sider,spectra_tanimoto,0.05_2,LogReg,0.05,0.596475291666199
sider,spectra_tanimoto,0.05_2,RF,0.05,0.623577637045069
sider,spectra_tanimoto,0.05_2,XGB,0.05,0.605994766801402
sider,spectra_tanimoto,0.05_2,SVM,0.05,0.62405722538211
sider,spectra_tanimoto,0.10_0,LogReg,0.10,0.566707187961293
sider,spectra_tanimoto,0.10_0,RF,0.10,0.579297030110313
sider,spectra_tanimoto,0.10_0,XGB,0.10,0.580588837009746
sider,spectra_tanimoto,0.10_0,SVM,0.10,0.562302236297762
sider,spectra_tanimoto,0.10_1,LogReg,0.10,NA
sider,spectra_tanimoto,0.10_1,RF,0.10,NA
sider,spectra_tanimoto,0.10_1,XGB,0.10,NA
sider,spectra_tanimoto,0.10_1,SVM,0.10,NA
sider,spectra_tanimoto,0.10_2,LogReg,0.10,0.603829953032432
sider,spectra_tanimoto,0.10_2,RF,0.10,0.609755825986461
sider,spectra_tanimoto,0.10_2,XGB,0.10,0.623300621701602
sider,spectra_tanimoto,0.10_2,SVM,0.10,0.596702477928108
sider,spectra_tanimoto,0.15_0,LogReg,0.15,0.636341507526726
sider,spectra_tanimoto,0.15_0,RF,0.15,0.629749511377511
sider,spectra_tanimoto,0.15_0,XGB,0.15,0.611251158339482
sider,spectra_tanimoto,0.15_0,SVM,0.15,0.599449480130689
sider,spectra_tanimoto,0.15_1,LogReg,0.15,NA
sider,spectra_tanimoto,0.15_1,RF,0.15,NA
sider,spectra_tanimoto,0.15_1,XGB,0.15,NA
sider,spectra_tanimoto,0.15_1,SVM,0.15,NA
sider,spectra_tanimoto,0.15_2,LogReg,0.15,0.616158194854158
sider,spectra_tanimoto,0.15_2,RF,0.15,0.60159772629168
sider,spectra_tanimoto,0.15_2,XGB,0.15,0.615342951694505
sider,spectra_tanimoto,0.15_2,SVM,0.15,0.600543287807632
sider,spectra_tanimoto,0.20_0,LogReg,0.20,0.586190039274608
sider,spectra_tanimoto,0.20_0,RF,0.20,0.587205423362014
sider,spectra_tanimoto,0.20_0,XGB,0.20,0.579127674409763
sider,spectra_tanimoto,0.20_0,SVM,0.20,0.581218675482691
sider,spectra_tanimoto,0.20_1,LogReg,0.20,NA
sider,spectra_tanimoto,0.20_1,RF,0.20,NA
sider,spectra_tanimoto,0.20_1,XGB,0.20,NA
sider,spectra_tanimoto,0.20_1,SVM,0.20,NA
sider,spectra_tanimoto,0.20_2,LogReg,0.20,NA
sider,spectra_tanimoto,0.20_2,RF,0.20,NA
sider,spectra_tanimoto,0.20_2,XGB,0.20,NA
sider,spectra_tanimoto,0.20_2,SVM,0.20,NA
sider,spectra_tanimoto,0.25_0,LogReg,0.25,0.587658822881841
sider,spectra_tanimoto,0.25_0,RF,0.25,0.595482592562448
sider,spectra_tanimoto,0.25_0,XGB,0.25,0.582185460271098
sider,spectra_tanimoto,0.25_0,SVM,0.25,0.564467692439709
sider,spectra_tanimoto,0.25_1,LogReg,0.25,NA
sider,spectra_tanimoto,0.25_1,RF,0.25,NA
sider,spectra_tanimoto,0.25_1,XGB,0.25,NA
sider,spectra_tanimoto,0.25_1,SVM,0.25,NA
sider,spectra_tanimoto,0.25_2,LogReg,0.25,NA
sider,spectra_tanimoto,0.25_2,RF,0.25,NA
sider,spectra_tanimoto,0.25_2,XGB,0.25,NA
sider,spectra_tanimoto,0.25_2,SVM,0.25,NA
sider,spectra_tanimoto,0.35_2,LogReg,0.35,NA
sider,spectra_tanimoto,0.35_2,RF,0.35,NA
sider,spectra_tanimoto,0.35_2,XGB,0.35,NA
sider,spectra_tanimoto,0.35_2,SVM,0.35,NA
sider,spectra_tanimoto,0.40_2,LogReg,0.40,NA
sider,spectra_tanimoto,0.40_2,RF,0.40,NA
sider,spectra_tanimoto,0.40_2,XGB,0.40,NA
sider,spectra_tanimoto,0.40_2,SVM,0.40,NA
sider,spectra_tanimoto,0.50_1,LogReg,0.50,NA
sider,spectra_tanimoto,0.50_1,RF,0.50,NA
sider,spectra_tanimoto,0.50_1,XGB,0.50,NA
sider,spectra_tanimoto,0.50_1,SVM,0.50,NA
sider,spectra_tanimoto,0.50_2,LogReg,0.50,NA
sider,spectra_tanimoto,0.50_2,RF,0.50,NA
sider,spectra_tanimoto,0.50_2,XGB,0.50,NA
sider,spectra_tanimoto,0.50_2,SVM,0.50,NA
sider,spectra_tanimoto,0.55_1,LogReg,0.55,NA
sider,spectra_tanimoto,0.55_1,RF,0.55,NA
sider,spectra_tanimoto,0.55_1,XGB,0.55,NA
sider,spectra_tanimoto,0.55_1,SVM,0.55,NA
sider,random,1,LogReg,NA,0.628207149705442
sider,random,1,RF,NA,0.670106789311938
sider,random,1,XGB,NA,0.635130515143357
sider,random,1,SVM,NA,0.639464806525192
sider,random,2,LogReg,NA,0.644099062791777
sider,random,2,RF,NA,0.652000400546901
sider,random,2,XGB,NA,0.648750799406553
sider,random,2,SVM,NA,0.642052422043774
sider,random,3,LogReg,NA,0.610467681308016
sider,random,3,RF,NA,0.647939501810785
sider,random,3,XGB,NA,0.630625451912433
sider,random,3,SVM,NA,0.629359627038598
sider,random,4,LogReg,NA,0.6117616625293
sider,random,4,RF,NA,0.661520492866852
sider,random,4,XGB,NA,0.6316585358874
sider,random,4,SVM,NA,0.631875217557766
sider,random,5,LogReg,NA,0.613013775649259
sider,random,5,RF,NA,0.643505393436763
sider,random,5,XGB,NA,0.63339353504447
sider,random,5,SVM,NA,0.625654749674109
sider,scaffold,1,LogReg,NA,0.566751428648096
sider,scaffold,1,RF,NA,0.590778910018898
sider,scaffold,1,XGB,NA,0.575956052728163
sider,scaffold,1,SVM,NA,0.5910596093275
sider,scaffold,2,LogReg,NA,0.580962264363205
sider,scaffold,2,RF,NA,0.625431448972974
sider,scaffold,2,XGB,NA,0.609554711142139
sider,scaffold,2,SVM,NA,0.611452096112944
sider,scaffold,3,LogReg,NA,0.597371632418215
sider,scaffold,3,RF,NA,0.62879621234212
sider,scaffold,3,XGB,NA,0.607569371728738
sider,scaffold,3,SVM,NA,0.606803631829781
sider,scaffold,4,LogReg,NA,0.600176096560799
sider,scaffold,4,RF,NA,0.616461574939049
sider,scaffold,4,XGB,NA,0.580732758927679
sider,scaffold,4,SVM,NA,0.615889336075828
sider,scaffold,5,LogReg,NA,0.613514584119302
sider,scaffold,5,RF,NA,0.647559659959636
sider,scaffold,5,XGB,NA,0.63406943890816
sider,scaffold,5,SVM,NA,0.64783000459048
sider,umap,1,LogReg,NA,0.558288179918817
sider,umap,1,RF,NA,0.561965445693355
sider,umap,1,XGB,NA,0.582348882095271
sider,umap,1,SVM,NA,0.56620333747247
sider,umap,2,LogReg,NA,0.530010856962431
sider,umap,2,RF,NA,0.567813798822992
sider,umap,2,XGB,NA,0.551325606636029
sider,umap,2,SVM,NA,0.561709673055066
sider,umap,3,LogReg,NA,0.542392803568509
sider,umap,3,RF,NA,0.555620996843878
sider,umap,3,XGB,NA,0.548849677104698
sider,umap,3,SVM,NA,0.549660253399323
sider,umap,4,LogReg,NA,0.546468590978692
sider,umap,4,RF,NA,0.565093084079298
sider,umap,4,XGB,NA,0.568057139006141
sider,umap,4,SVM,NA,0.552935179158054
sider,umap,5,LogReg,NA,0.572662374710666
sider,umap,5,RF,NA,0.573121754563354
sider,umap,5,XGB,NA,0.573761483410922
sider,umap,5,SVM,NA,0.538365643858795
tox21,spectra_tanimoto,0.00_0,LogReg,0.00,0.76750381939399
tox21,spectra_tanimoto,0.00_0,RF,0.00,0.81671556811094
tox21,spectra_tanimoto,0.00_0,XGB,0.00,0.786226217050128
tox21,spectra_tanimoto,0.00_0,SVM,0.00,0.79819570848763
tox21,spectra_tanimoto,0.00_1,LogReg,0.00,0.788677531964261
tox21,spectra_tanimoto,0.00_1,RF,0.00,0.826864982971611
tox21,spectra_tanimoto,0.00_1,XGB,0.00,0.798821400777696
tox21,spectra_tanimoto,0.00_1,SVM,0.00,0.823836667627763
tox21,spectra_tanimoto,0.00_2,LogReg,0.00,0.793565392686324
tox21,spectra_tanimoto,0.00_2,RF,0.00,0.825959628238548
tox21,spectra_tanimoto,0.00_2,XGB,0.00,0.795542933486128
tox21,spectra_tanimoto,0.00_2,SVM,0.00,0.826751098162302
tox21,spectra_tanimoto,0.05_0,LogReg,0.05,0.686348470922213
tox21,spectra_tanimoto,0.05_0,RF,0.05,0.699592843084591
tox21,spectra_tanimoto,0.05_0,XGB,0.05,0.688046443614711
tox21,spectra_tanimoto,0.05_0,SVM,0.05,0.726147679578172
tox21,spectra_tanimoto,0.05_1,LogReg,0.05,0.744104589782199
tox21,spectra_tanimoto,0.05_1,RF,0.05,0.7740848914535
tox21,spectra_tanimoto,0.05_1,XGB,0.05,0.760359214097927
tox21,spectra_tanimoto,0.05_1,SVM,0.05,0.786866073876013
tox21,spectra_tanimoto,0.05_2,LogReg,0.05,0.758862876242221
tox21,spectra_tanimoto,0.05_2,RF,0.05,0.761023840531943
tox21,spectra_tanimoto,0.05_2,XGB,0.05,0.754224948122558
tox21,spectra_tanimoto,0.05_2,SVM,0.05,0.784774246559384
tox21,spectra_tanimoto,0.10_0,LogReg,0.10,0.675006824359388
tox21,spectra_tanimoto,0.10_0,RF,0.10,0.663971988437313
tox21,spectra_tanimoto,0.10_0,XGB,0.10,0.622086948000803
tox21,spectra_tanimoto,0.10_0,SVM,0.10,0.681871503232815
tox21,spectra_tanimoto,0.10_1,LogReg,0.10,0.752416080130403
tox21,spectra_tanimoto,0.10_1,RF,0.10,0.749811393020189
tox21,spectra_tanimoto,0.10_1,XGB,0.10,0.704487378612953
tox21,spectra_tanimoto,0.10_1,SVM,0.10,0.772269818292335
tox21,spectra_tanimoto,0.10_2,LogReg,0.10,0.671404074248139
tox21,spectra_tanimoto,0.10_2,RF,0.10,0.677396351839457
tox21,spectra_tanimoto,0.10_2,XGB,0.10,0.671627645883686
tox21,spectra_tanimoto,0.10_2,SVM,0.10,0.69879354908573
tox21,spectra_tanimoto,0.15_0,LogReg,0.15,NA
tox21,spectra_tanimoto,0.15_0,RF,0.15,NA
tox21,spectra_tanimoto,0.15_0,XGB,0.15,NA
tox21,spectra_tanimoto,0.15_0,SVM,0.15,NA
tox21,spectra_tanimoto,0.15_1,LogReg,0.15,0.729531761291388
tox21,spectra_tanimoto,0.15_1,RF,0.15,0.698908011565763
tox21,spectra_tanimoto,0.15_1,XGB,0.15,0.630414102599497
tox21,spectra_tanimoto,0.15_1,SVM,0.15,0.739585628146203
tox21,spectra_tanimoto,0.15_2,LogReg,0.15,0.603014815660256
tox21,spectra_tanimoto,0.15_2,RF,0.15,0.600943589084966
tox21,spectra_tanimoto,0.15_2,XGB,0.15,0.609996431675653
tox21,spectra_tanimoto,0.15_2,SVM,0.15,0.667139932660385
tox21,spectra_tanimoto,0.20_0,LogReg,0.20,0.689790619540972
tox21,spectra_tanimoto,0.20_0,RF,0.20,0.659741049584219
tox21,spectra_tanimoto,0.20_0,XGB,0.20,0.636037491723373
tox21,spectra_tanimoto,0.20_0,SVM,0.20,0.661775249467427
tox21,spectra_tanimoto,0.20_1,LogReg,0.20,0.559459394375552
tox21,spectra_tanimoto,0.20_1,RF,0.20,0.556638201378687
tox21,spectra_tanimoto,0.20_1,XGB,0.20,0.573729030173671
tox21,spectra_tanimoto,0.20_1,SVM,0.20,0.539910713999669
tox21,spectra_tanimoto,0.20_2,LogReg,0.20,0.642994781407978
tox21,spectra_tanimoto,0.20_2,RF,0.20,0.596752478009544
tox21,spectra_tanimoto,0.20_2,XGB,0.20,0.557384421565192
tox21,spectra_tanimoto,0.20_2,SVM,0.20,0.673552776262257
tox21,spectra_tanimoto,0.25_0,LogReg,0.25,0.579840866597148
tox21,spectra_tanimoto,0.25_0,RF,0.25,0.600779342803905
tox21,spectra_tanimoto,0.25_0,XGB,0.25,0.571708182014553
tox21,spectra_tanimoto,0.25_0,SVM,0.25,0.566021074642311
tox21,spectra_tanimoto,0.25_1,LogReg,0.25,0.651393963780543
tox21,spectra_tanimoto,0.25_1,RF,0.25,0.615698018061929
tox21,spectra_tanimoto,0.25_1,XGB,0.25,0.539725665443302
tox21,spectra_tanimoto,0.25_1,SVM,0.25,0.671207692606361
tox21,spectra_tanimoto,0.25_2,LogReg,0.25,NA
tox21,spectra_tanimoto,0.25_2,RF,0.25,NA
tox21,spectra_tanimoto,0.25_2,XGB,0.25,NA
tox21,spectra_tanimoto,0.25_2,SVM,0.25,NA
tox21,spectra_tanimoto,0.30_0,LogReg,0.30,NA
tox21,spectra_tanimoto,0.30_0,RF,0.30,NA
tox21,spectra_tanimoto,0.30_0,XGB,0.30,NA
tox21,spectra_tanimoto,0.30_0,SVM,0.30,NA
tox21,spectra_tanimoto,0.30_1,LogReg,0.30,NA
tox21,spectra_tanimoto,0.30_1,RF,0.30,NA
tox21,spectra_tanimoto,0.30_1,XGB,0.30,NA
tox21,spectra_tanimoto,0.30_1,SVM,0.30,NA
tox21,spectra_tanimoto,0.30_2,LogReg,0.30,NA
tox21,spectra_tanimoto,0.30_2,RF,0.30,NA
tox21,spectra_tanimoto,0.30_2,XGB,0.30,NA
tox21,spectra_tanimoto,0.30_2,SVM,0.30,NA
tox21,spectra_tanimoto,0.35_0,LogReg,0.35,NA
tox21,spectra_tanimoto,0.35_0,RF,0.35,NA
tox21,spectra_tanimoto,0.35_0,XGB,0.35,NA
tox21,spectra_tanimoto,0.35_0,SVM,0.35,NA
tox21,spectra_tanimoto,0.35_1,LogReg,0.35,NA
tox21,spectra_tanimoto,0.35_1,RF,0.35,NA
tox21,spectra_tanimoto,0.35_1,XGB,0.35,NA
tox21,spectra_tanimoto,0.35_1,SVM,0.35,NA
tox21,spectra_tanimoto,0.35_2,LogReg,0.35,NA
tox21,spectra_tanimoto,0.35_2,RF,0.35,NA
tox21,spectra_tanimoto,0.35_2,XGB,0.35,NA
tox21,spectra_tanimoto,0.35_2,SVM,0.35,NA
tox21,spectra_tanimoto,0.40_0,LogReg,0.40,0.600285809869143
tox21,spectra_tanimoto,0.40_0,RF,0.40,0.506884550102941
tox21,spectra_tanimoto,0.40_0,XGB,0.40,0.566863368113368
tox21,spectra_tanimoto,0.40_0,SVM,0.40,0.379036803979333
tox21,spectra_tanimoto,0.40_1,LogReg,0.40,NA
tox21,spectra_tanimoto,0.40_1,RF,0.40,NA
tox21,spectra_tanimoto,0.40_1,XGB,0.40,NA
tox21,spectra_tanimoto,0.40_1,SVM,0.40,NA
tox21,spectra_tanimoto,0.40_2,LogReg,0.40,NA
tox21,spectra_tanimoto,0.40_2,RF,0.40,NA
tox21,spectra_tanimoto,0.40_2,XGB,0.40,NA
tox21,spectra_tanimoto,0.40_2,SVM,0.40,NA
tox21,spectra_tanimoto,0.45_0,LogReg,0.45,NA
tox21,spectra_tanimoto,0.45_0,RF,0.45,NA
tox21,spectra_tanimoto,0.45_0,XGB,0.45,NA
tox21,spectra_tanimoto,0.45_0,SVM,0.45,NA
tox21,spectra_tanimoto,0.45_1,LogReg,0.45,NA
tox21,spectra_tanimoto,0.45_1,RF,0.45,NA
tox21,spectra_tanimoto,0.45_1,XGB,0.45,NA
tox21,spectra_tanimoto,0.45_1,SVM,0.45,NA
tox21,spectra_tanimoto,0.45_2,LogReg,0.45,NA
tox21,spectra_tanimoto,0.45_2,RF,0.45,NA
tox21,spectra_tanimoto,0.45_2,XGB,0.45,NA
tox21,spectra_tanimoto,0.45_2,SVM,0.45,NA
tox21,spectra_tanimoto,0.50_0,LogReg,0.50,NA
tox21,spectra_tanimoto,0.50_0,RF,0.50,NA
tox21,spectra_tanimoto,0.50_0,XGB,0.50,NA
tox21,spectra_tanimoto,0.50_0,SVM,0.50,NA
tox21,spectra_tanimoto,0.50_2,LogReg,0.50,NA
tox21,spectra_tanimoto,0.50_2,RF,0.50,NA
tox21,spectra_tanimoto,0.50_2,XGB,0.50,NA
tox21,spectra_tanimoto,0.50_2,SVM,0.50,NA
tox21,spectra_tanimoto,0.55_0,LogReg,0.55,NA
tox21,spectra_tanimoto,0.55_0,RF,0.55,NA
tox21,spectra_tanimoto,0.55_0,XGB,0.55,NA
tox21,spectra_tanimoto,0.55_0,SVM,0.55,NA
tox21,spectra_tanimoto,0.60_0,LogReg,0.60,NA
tox21,spectra_tanimoto,0.60_0,RF,0.60,NA
tox21,spectra_tanimoto,0.60_0,XGB,0.60,NA
tox21,spectra_tanimoto,0.60_0,SVM,0.60,NA
tox21,spectra_tanimoto,0.65_1,LogReg,0.65,NA
tox21,spectra_tanimoto,0.65_1,RF,0.65,NA
tox21,spectra_tanimoto,0.65_1,XGB,0.65,NA
tox21,spectra_tanimoto,0.65_1,SVM,0.65,NA
tox21,spectra_tanimoto,0.70_1,LogReg,0.70,NA
tox21,spectra_tanimoto,0.70_1,RF,0.70,NA
tox21,spectra_tanimoto,0.70_1,XGB,0.70,NA
tox21,spectra_tanimoto,0.70_1,SVM,0.70,NA
tox21,spectra_tanimoto,0.80_1,LogReg,0.80,NA
tox21,spectra_tanimoto,0.80_1,RF,0.80,NA
tox21,spectra_tanimoto,0.80_1,XGB,0.80,NA
tox21,spectra_tanimoto,0.80_1,SVM,0.80,NA
tox21,spectra_tanimoto,0.80_2,LogReg,0.80,NA
tox21,spectra_tanimoto,0.80_2,RF,0.80,NA
tox21,spectra_tanimoto,0.80_2,XGB,0.80,NA
tox21,spectra_tanimoto,0.80_2,SVM,0.80,NA
tox21,spectra_tanimoto,0.85_0,LogReg,0.85,NA
tox21,spectra_tanimoto,0.85_0,RF,0.85,NA
tox21,spectra_tanimoto,0.85_0,XGB,0.85,NA
tox21,spectra_tanimoto,0.85_0,SVM,0.85,NA
tox21,random,1,LogReg,NA,0.780920096830232
tox21,random,1,RF,NA,0.799908143681283
tox21,random,1,XGB,NA,0.796542909415395
tox21,random,1,SVM,NA,0.792148366600374
tox21,random,2,LogReg,NA,0.789583069989378
tox21,random,2,RF,NA,0.826505390723029
tox21,random,2,XGB,NA,0.795265570518246
tox21,random,2,SVM,NA,0.828606317915021
tox21,random,3,LogReg,NA,0.786338062567322
tox21,random,3,RF,NA,0.80732753448564
tox21,random,3,XGB,NA,0.788835850597451
tox21,random,3,SVM,NA,0.816378011721026
tox21,random,4,LogReg,NA,0.786365127655572
tox21,random,4,RF,NA,0.805185126554953
tox21,random,4,XGB,NA,0.780601222968319
tox21,random,4,SVM,NA,0.811127217695363
tox21,random,5,LogReg,NA,0.77404230054003
tox21,random,5,RF,NA,0.810549243581449
tox21,random,5,XGB,NA,0.783825022808462
tox21,random,5,SVM,NA,0.811286363338961
tox21,scaffold,1,LogReg,NA,0.709746853584356
tox21,scaffold,1,RF,NA,0.753731988928654
tox21,scaffold,1,XGB,NA,0.723584554758305
tox21,scaffold,1,SVM,NA,0.762058523717691
tox21,scaffold,2,LogReg,NA,0.740678077174133
tox21,scaffold,2,RF,NA,0.74957498361024
tox21,scaffold,2,XGB,NA,0.738736072338193
tox21,scaffold,2,SVM,NA,0.758522168629148
tox21,scaffold,3,LogReg,NA,0.73592401856395
tox21,scaffold,3,RF,NA,0.761678728563613
tox21,scaffold,3,XGB,NA,0.741522565430577
tox21,scaffold,3,SVM,NA,0.776619326260038
tox21,scaffold,4,LogReg,NA,0.751870346243126
tox21,scaffold,4,RF,NA,0.766508803931291
tox21,scaffold,4,XGB,NA,0.757374482360237
tox21,scaffold,4,SVM,NA,0.783614963424697
tox21,scaffold,5,LogReg,NA,0.741309965340407
tox21,scaffold,5,RF,NA,0.763734990507792
tox21,scaffold,5,XGB,NA,0.756901444187443
tox21,scaffold,5,SVM,NA,0.769982024982998
tox21,umap,1,LogReg,NA,0.659424963257103
tox21,umap,1,RF,NA,0.69899245497251
tox21,umap,1,XGB,NA,0.656945033963157
tox21,umap,1,SVM,NA,0.700889538854985
tox21,umap,2,LogReg,NA,0.658791682317825
tox21,umap,2,RF,NA,0.686299609753975
tox21,umap,2,XGB,NA,0.669060625690319
tox21,umap,2,SVM,NA,0.694546023198765
tox21,umap,3,LogReg,NA,0.645068950754254
tox21,umap,3,RF,NA,0.637290686514537
tox21,umap,3,XGB,NA,0.655493949047559
tox21,umap,3,SVM,NA,0.66122411776938
tox21,umap,4,LogReg,NA,0.644957409621656
tox21,umap,4,RF,NA,0.665362403091466
tox21,umap,4,XGB,NA,0.659053061711377
tox21,umap,4,SVM,NA,0.668849748831182
tox21,umap,5,LogReg,NA,0.660138679144872
tox21,umap,5,RF,NA,0.670791209877441
tox21,umap,5,XGB,NA,0.671693392989583
tox21,umap,5,SVM,NA,0.685093640785945
bace,random,1_ensemble1,chemprop,NA,0.761497855
bace,random,2_ensemble1,chemprop,NA,0.7814
bace,random,3_ensemble1,chemprop,NA,0.771429837
bace,random,4_ensemble1,chemprop,NA,0.752013266
bace,random,5_ensemble1,chemprop,NA,0.762840033
bace,random,1_ensemble2,chemprop,NA,0.764808536
bace,random,2_ensemble2,chemprop,NA,0.76968503
bace,random,3_ensemble2,chemprop,NA,0.78055656
bace,random,4_ensemble2,chemprop,NA,0.76266104
bace,random,5_ensemble2,chemprop,NA,0.726691127
bace,random,1_ensemble3,chemprop,NA,0.771250963
bace,random,2_ensemble3,chemprop,NA,0.748523653
bace,random,3_ensemble3,chemprop,NA,0.785612047
bace,random,4_ensemble3,chemprop,NA,0.756845057
bace,random,5_ensemble3,chemprop,NA,0.767403364
bace,random,1_ensemble4,chemprop,NA,0.743915439
bace,random,2_ensemble4,chemprop,NA,0.778230131
bace,random,3_ensemble4,chemprop,NA,0.760558
bace,random,4_ensemble4,chemprop,NA,0.793262
bace,random,5_ensemble4,chemprop,NA,0.745302379
bace,random,1_ensemble5,chemprop,NA,0.758455634
bace,random,2_ensemble5,chemprop,NA,0.784404039
bace,random,3_ensemble5,chemprop,NA,0.785791039
bace,random,4_ensemble5,chemprop,NA,0.757851645
bace,random,5_ensemble5,chemprop,NA,0.76610589
bace,scaffold,1_ensemble1,chemprop,NA,0.88031530380249
bace,scaffold,2_ensemble1,chemprop,NA,0.865836501121521
bace,scaffold,3_ensemble1,chemprop,NA,0.848398387432098
bace,scaffold,4_ensemble1,chemprop,NA,0.879562020301819
bace,scaffold,5_ensemble1,chemprop,NA,0.858775556087494
bace,scaffold,1_ensemble2,chemprop,NA,0.844819784164429
bace,scaffold,2_ensemble2,chemprop,NA,0.869016110897064
bace,scaffold,3_ensemble2,chemprop,NA,0.807607650756836
bace,scaffold,4_ensemble2,chemprop,NA,0.862180709838867
bace,scaffold,5_ensemble2,chemprop,NA,0.85342401266098
bace,scaffold,1_ensemble3,chemprop,NA,0.873873889446259
bace,scaffold,2_ensemble3,chemprop,NA,0.87586110830307
bace,scaffold,3_ensemble3,chemprop,NA,0.83268266916275
bace,scaffold,4_ensemble3,chemprop,NA,0.882709860801697
bace,scaffold,5_ensemble3,chemprop,NA,0.827392280101776
bace,scaffold,1_ensemble4,chemprop,NA,0.88031530380249
bace,scaffold,2_ensemble4,chemprop,NA,0.855767548084259
bace,scaffold,3_ensemble4,chemprop,NA,0.854954957962036
bace,scaffold,4_ensemble4,chemprop,NA,0.888777375221252
bace,scaffold,5_ensemble4,chemprop,NA,0.836916089057922
bace,scaffold,1_ensemble5,chemprop,NA,0.844819784164429
bace,scaffold,2_ensemble5,chemprop,NA,0.878069281578064
bace,scaffold,3_ensemble5,chemprop,NA,0.870270252227783
bace,scaffold,4_ensemble5,chemprop,NA,0.879562020301819
bace,scaffold,5_ensemble5,chemprop,NA,0.809342384338379
bace,umap,1_ensemble1,chemprop,NA,0.739542424678802
bace,umap,2_ensemble1,chemprop,NA,0.500683546066284
bace,umap,3_ensemble1,chemprop,NA,0.4121775329113
bace,umap,4_ensemble1,chemprop,NA,0.425819247961044
bace,umap,5_ensemble1,chemprop,NA,0.466545820236206
bace,umap,1_ensemble2,chemprop,NA,0.662362515926361
bace,umap,2_ensemble2,chemprop,NA,0.597453
bace,umap,3_ensemble2,chemprop,NA,0.430908739566803
bace,umap,4_ensemble2,chemprop,NA,0.4081764
bace,umap,5_ensemble2,chemprop,NA,0.606600165367126
bace,umap,1_ensemble3,chemprop,NA,0.596867620944976
bace,umap,2_ensemble3,chemprop,NA,0.529436886310577
bace,umap,3_ensemble3,chemprop,NA,0.492890357971191
bace,umap,4_ensemble3,chemprop,NA,0.408014267683029
bace,umap,5_ensemble3,chemprop,NA,0.568505585193634
bace,umap,1_ensemble4,chemprop,NA,0.576443433761596
bace,umap,2_ensemble4,chemprop,NA,0.428180813789367
bace,umap,3_ensemble4,chemprop,NA,0.494348734617233
bace,umap,4_ensemble4,chemprop,NA,0.386721283197402
bace,umap,5_ensemble4,chemprop,NA,0.513964414596557
bace,umap,1_ensemble5,chemprop,NA,0.661036849021911
bace,umap,2_ensemble5,chemprop,NA,0.476117223501205
bace,umap,3_ensemble5,chemprop,NA,0.390711903572082
bace,umap,4_ensemble5,chemprop,NA,0.398320913314819
bace,umap,5_ensemble5,chemprop,NA,0.633622527122497
bace,spectra_tanimoto,0.00_0_ensemble1,chemprop,0.00,0.88743382692337
bace,spectra_tanimoto,0.00_1_ensemble1,chemprop,0.00,0.904017090797424
bace,spectra_tanimoto,0.00_2_ensemble1,chemprop,0.00,0.826779723167419
bace,spectra_tanimoto,0.05_0_ensemble1,chemprop,0.05,0.695081949234009
bace,spectra_tanimoto,0.05_1_ensemble1,chemprop,0.05,0.866536676883698
bace,spectra_tanimoto,0.05_2_ensemble1,chemprop,0.05,0.780375599861145
bace,spectra_tanimoto,0.10_0_ensemble1,chemprop,0.10,0.817733943462372
bace,spectra_tanimoto,0.10_1_ensemble1,chemprop,0.10,0.845464646816254
bace,spectra_tanimoto,0.10_2_ensemble1,chemprop,0.10,0.843482851982117
bace,spectra_tanimoto,0.15_0_ensemble1,chemprop,0.15,0.626984119415283
bace,spectra_tanimoto,0.15_1_ensemble1,chemprop,0.15,0.777327954769135
bace,spectra_tanimoto,0.15_2_ensemble1,chemprop,0.15,0.694444417953491
bace,spectra_tanimoto,0.20_0_ensemble1,chemprop,0.20,0.518207252025604
bace,spectra_tanimoto,0.20_1_ensemble1,chemprop,0.20,0.768025040626526
bace,spectra_tanimoto,0.20_2_ensemble1,chemprop,0.20,0.638655424118042
bace,spectra_tanimoto,0.25_0_ensemble1,chemprop,0.25,0.0705128163099289
bace,spectra_tanimoto,0.25_1_ensemble1,chemprop,0.25,0.207142874598503
bace,spectra_tanimoto,0.25_2_ensemble1,chemprop,0.25,0.130681812763214
bace,spectra_tanimoto,0.30_0_ensemble1,chemprop,0.30,0.489583313465118
bace,spectra_tanimoto,0.30_1_ensemble1,chemprop,0.30,0.133333325386047
bace,spectra_tanimoto,0.30_2_ensemble1,chemprop,0.30,0.714285731315613
bace,spectra_tanimoto,0.35_0_ensemble1,chemprop,0.35,0.611111104488373
bace,spectra_tanimoto,0.35_1_ensemble1,chemprop,0.35,0.291666656732559
bace,spectra_tanimoto,0.35_2_ensemble1,chemprop,0.35,0.311111092567444
bace,spectra_tanimoto,0.40_0_ensemble1,chemprop,0.40,NA
bace,spectra_tanimoto,0.40_1_ensemble1,chemprop,0.40,0.571428596973419
bace,spectra_tanimoto,0.40_2_ensemble1,chemprop,0.40,0.75
bace,spectra_tanimoto,0.45_0_ensemble1,chemprop,0.45,0.611111104488373
bace,spectra_tanimoto,0.45_1_ensemble1,chemprop,0.45,0.650000035762787
bace,spectra_tanimoto,0.45_2_ensemble1,chemprop,0.45,1
bace,spectra_tanimoto,0.50_0_ensemble1,chemprop,0.50,0.600000023841858
bace,spectra_tanimoto,0.50_1_ensemble1,chemprop,0.50,1
bace,spectra_tanimoto,0.50_2_ensemble1,chemprop,0.50,0.166666686534882
bace,spectra_tanimoto,0.55_0_ensemble1,chemprop,0.55,0.600000023841858
bace,spectra_tanimoto,0.55_1_ensemble1,chemprop,0.55,0.333333343267441
bace,spectra_tanimoto,0.55_2_ensemble1,chemprop,0.55,0
bace,spectra_tanimoto,0.60_0_ensemble1,chemprop,0.60,NA
bace,spectra_tanimoto,0.60_1_ensemble1,chemprop,0.60,NA
bace,spectra_tanimoto,0.60_2_ensemble1,chemprop,0.60,0.833333373069763
bace,spectra_tanimoto,0.65_0_ensemble1,chemprop,0.65,NA
bace,spectra_tanimoto,0.65_1_ensemble1,chemprop,0.65,NA
bace,spectra_tanimoto,0.65_2_ensemble1,chemprop,0.65,NA
bace,spectra_tanimoto,0.70_0_ensemble1,chemprop,0.70,NA
bace,spectra_tanimoto,0.70_1_ensemble1,chemprop,0.70,NA
bace,spectra_tanimoto,0.70_2_ensemble1,chemprop,0.70,NA
bace,spectra_tanimoto,0.75_0_ensemble1,chemprop,0.75,NA
bace,spectra_tanimoto,0.75_1_ensemble1,chemprop,0.75,NA
bace,spectra_tanimoto,0.75_2_ensemble1,chemprop,0.75,NA
bace,spectra_tanimoto,0.80_0_ensemble1,chemprop,0.80,NA
bace,spectra_tanimoto,0.80_1_ensemble1,chemprop,0.80,NA
bace,spectra_tanimoto,0.80_2_ensemble1,chemprop,0.80,NA
bace,spectra_tanimoto,0.85_0_ensemble1,chemprop,0.85,NA
bace,spectra_tanimoto,0.85_1_ensemble1,chemprop,0.85,NA
bace,spectra_tanimoto,0.85_2_ensemble1,chemprop,0.85,NA
bace,spectra_tanimoto,0.90_0_ensemble1,chemprop,0.90,NA
bace,spectra_tanimoto,0.90_1_ensemble1,chemprop,0.90,NA
bace,spectra_tanimoto,0.95_2_ensemble1,chemprop,0.95,NA
bace,spectra_tanimoto,0.00_0_ensemble2,chemprop,0.00,0.864197552204132
bace,spectra_tanimoto,0.00_1_ensemble2,chemprop,0.00,0.866852581501007
bace,spectra_tanimoto,0.00_2_ensemble2,chemprop,0.00,0.838008165359497
bace,spectra_tanimoto,0.05_0_ensemble2,chemprop,0.05,0.797632038593292
bace,spectra_tanimoto,0.05_1_ensemble2,chemprop,0.05,0.884969830513
bace,spectra_tanimoto,0.05_2_ensemble2,chemprop,0.05,0.778626680374146
bace,spectra_tanimoto,0.10_0_ensemble2,chemprop,0.10,0.841748833656311
bace,spectra_tanimoto,0.10_1_ensemble2,chemprop,0.10,0.800671935081482
bace,spectra_tanimoto,0.10_2_ensemble2,chemprop,0.10,0.751068413257599
bace,spectra_tanimoto,0.15_0_ensemble2,chemprop,0.15,0.702380955219269
bace,spectra_tanimoto,0.15_1_ensemble2,chemprop,0.15,0.784075498580933
bace,spectra_tanimoto,0.15_2_ensemble2,chemprop,0.15,0.727513253688812
bace,spectra_tanimoto,0.20_0_ensemble2,chemprop,0.20,0.605041980743408
bace,spectra_tanimoto,0.20_1_ensemble2,chemprop,0.20,0.413793087005615
bace,spectra_tanimoto,0.20_2_ensemble2,chemprop,0.20,0.83753502368927
bace,spectra_tanimoto,0.25_0_ensemble2,chemprop,0.25,0.089743584394455
bace,spectra_tanimoto,0.25_1_ensemble2,chemprop,0.25,0.235714286565781
bace,spectra_tanimoto,0.25_2_ensemble2,chemprop,0.25,0.715909123420715
bace,spectra_tanimoto,0.30_0_ensemble2,chemprop,0.30,0.46875
bace,spectra_tanimoto,0.30_1_ensemble2,chemprop,0.30,0.566666722297668
bace,spectra_tanimoto,0.30_2_ensemble2,chemprop,0.30,0.714285731315613
bace,spectra_tanimoto,0.35_0_ensemble2,chemprop,0.35,0.703703761100769
bace,spectra_tanimoto,0.35_1_ensemble2,chemprop,0.35,0.291666656732559
bace,spectra_tanimoto,0.35_2_ensemble2,chemprop,0.35,0.377777755260468
bace,spectra_tanimoto,0.40_0_ensemble2,chemprop,0.40,NA
bace,spectra_tanimoto,0.40_1_ensemble2,chemprop,0.40,0.571428596973419
bace,spectra_tanimoto,0.40_2_ensemble2,chemprop,0.40,0.714285731315613
bace,spectra_tanimoto,0.45_0_ensemble2,chemprop,0.45,0.277777791023254
bace,spectra_tanimoto,0.45_1_ensemble2,chemprop,0.45,0.824999988079071
bace,spectra_tanimoto,0.45_2_ensemble2,chemprop,0.45,0.5
bace,spectra_tanimoto,0.50_0_ensemble2,chemprop,0.50,0.666666686534882
bace,spectra_tanimoto,0.50_1_ensemble2,chemprop,0.50,1
bace,spectra_tanimoto,0.50_2_ensemble2,chemprop,0.50,0.166666686534882
bace,spectra_tanimoto,0.55_0_ensemble2,chemprop,0.55,0.600000023841858
bace,spectra_tanimoto,0.55_1_ensemble2,chemprop,0.55,0.333333343267441
bace,spectra_tanimoto,0.55_2_ensemble2,chemprop,0.55,0
bace,spectra_tanimoto,0.60_0_ensemble2,chemprop,0.60,NA
bace,spectra_tanimoto,0.60_1_ensemble2,chemprop,0.60,NA
bace,spectra_tanimoto,0.60_2_ensemble2,chemprop,0.60,0.833333373069763
bace,spectra_tanimoto,0.65_0_ensemble2,chemprop,0.65,NA
bace,spectra_tanimoto,0.65_1_ensemble2,chemprop,0.65,NA
bace,spectra_tanimoto,0.65_2_ensemble2,chemprop,0.65,NA
bace,spectra_tanimoto,0.70_0_ensemble2,chemprop,0.70,NA
bace,spectra_tanimoto,0.70_1_ensemble2,chemprop,0.70,NA
bace,spectra_tanimoto,0.70_2_ensemble2,chemprop,0.70,NA
bace,spectra_tanimoto,0.75_0_ensemble2,chemprop,0.75,NA
bace,spectra_tanimoto,0.75_1_ensemble2,chemprop,0.75,NA
bace,spectra_tanimoto,0.75_2_ensemble2,chemprop,0.75,NA
bace,spectra_tanimoto,0.80_0_ensemble2,chemprop,0.80,NA
bace,spectra_tanimoto,0.80_1_ensemble2,chemprop,0.80,NA
bace,spectra_tanimoto,0.80_2_ensemble2,chemprop,0.80,NA
bace,spectra_tanimoto,0.85_0_ensemble2,chemprop,0.85,NA
bace,spectra_tanimoto,0.85_1_ensemble2,chemprop,0.85,NA
bace,spectra_tanimoto,0.85_2_ensemble2,chemprop,0.85,NA
bace,spectra_tanimoto,0.90_0_ensemble2,chemprop,0.90,NA
bace,spectra_tanimoto,0.90_1_ensemble2,chemprop,0.90,NA
bace,spectra_tanimoto,0.95_2_ensemble2,chemprop,0.95,NA
bace,spectra_tanimoto,0.00_0_ensemble3,chemprop,0.00,0.899118185043335
bace,spectra_tanimoto,0.00_1_ensemble3,chemprop,0.00,0.842628061771393
bace,spectra_tanimoto,0.00_2_ensemble3,chemprop,0.00,0.855494439601898
bace,spectra_tanimoto,0.05_0_ensemble3,chemprop,0.05,0.800728619098663
bace,spectra_tanimoto,0.05_1_ensemble3,chemprop,0.05,0.849875926971436
bace,spectra_tanimoto,0.05_2_ensemble3,chemprop,0.05,0.783873319625854
bace,spectra_tanimoto,0.10_0_ensemble3,chemprop,0.10,0.830664932727814
bace,spectra_tanimoto,0.10_1_ensemble3,chemprop,0.10,0.778275489807129
bace,spectra_tanimoto,0.10_2_ensemble3,chemprop,0.10,0.763354659080505
bace,spectra_tanimoto,0.15_0_ensemble3,chemprop,0.15,0.620370388031006
bace,spectra_tanimoto,0.15_1_ensemble3,chemprop,0.15,0.775978446006775
bace,spectra_tanimoto,0.15_2_ensemble3,chemprop,0.15,0.728835999965668
bace,spectra_tanimoto,0.20_0_ensemble3,chemprop,0.20,0.37815123796463
bace,spectra_tanimoto,0.20_1_ensemble3,chemprop,0.20,0.561128556728363
bace,spectra_tanimoto,0.20_2_ensemble3,chemprop,0.20,0.725490152835846
bace,spectra_tanimoto,0.25_0_ensemble3,chemprop,0.25,0.833333313465118
bace,spectra_tanimoto,0.25_1_ensemble3,chemprop,0.25,0.349999964237213
bace,spectra_tanimoto,0.25_2_ensemble3,chemprop,0.25,0.164772734045982
bace,spectra_tanimoto,0.30_0_ensemble3,chemprop,0.30,0.5
bace,spectra_tanimoto,0.30_1_ensemble3,chemprop,0.30,0.16666667163372
bace,spectra_tanimoto,0.30_2_ensemble3,chemprop,0.30,0.690476179122925
bace,spectra_tanimoto,0.35_0_ensemble3,chemprop,0.35,0.666666686534882
bace,spectra_tanimoto,0.35_1_ensemble3,chemprop,0.35,0.312499970197678
bace,spectra_tanimoto,0.35_2_ensemble3,chemprop,0.35,0.333333313465118
bace,spectra_tanimoto,0.40_0_ensemble3,chemprop,0.40,NA
bace,spectra_tanimoto,0.40_1_ensemble3,chemprop,0.40,0.571428596973419
bace,spectra_tanimoto,0.40_2_ensemble3,chemprop,0.40,0.535714268684387
bace,spectra_tanimoto,0.45_0_ensemble3,chemprop,0.45,0.611111104488373
bace,spectra_tanimoto,0.45_1_ensemble3,chemprop,0.45,0.800000011920929
bace,spectra_tanimoto,0.45_2_ensemble3,chemprop,0.45,1
bace,spectra_tanimoto,0.50_0_ensemble3,chemprop,0.50,0.600000023841858
bace,spectra_tanimoto,0.50_1_ensemble3,chemprop,0.50,0.857142806053162
bace,spectra_tanimoto,0.50_2_ensemble3,chemprop,0.50,0.166666686534882
bace,spectra_tanimoto,0.55_0_ensemble3,chemprop,0.55,0.600000023841858
bace,spectra_tanimoto,0.55_1_ensemble3,chemprop,0.55,0.333333343267441
bace,spectra_tanimoto,0.55_2_ensemble3,chemprop,0.55,0
bace,spectra_tanimoto,0.60_0_ensemble3,chemprop,0.60,NA
bace,spectra_tanimoto,0.60_1_ensemble3,chemprop,0.60,NA
bace,spectra_tanimoto,0.60_2_ensemble3,chemprop,0.60,1
bace,spectra_tanimoto,0.65_0_ensemble3,chemprop,0.65,NA
bace,spectra_tanimoto,0.65_1_ensemble3,chemprop,0.65,NA
bace,spectra_tanimoto,0.65_2_ensemble3,chemprop,0.65,NA
bace,spectra_tanimoto,0.70_0_ensemble3,chemprop,0.70,NA
bace,spectra_tanimoto,0.70_1_ensemble3,chemprop,0.70,NA
bace,spectra_tanimoto,0.70_2_ensemble3,chemprop,0.70,NA
bace,spectra_tanimoto,0.75_0_ensemble3,chemprop,0.75,NA
bace,spectra_tanimoto,0.75_1_ensemble3,chemprop,0.75,NA
bace,spectra_tanimoto,0.75_2_ensemble3,chemprop,0.75,NA
bace,spectra_tanimoto,0.80_0_ensemble3,chemprop,0.80,NA
bace,spectra_tanimoto,0.80_1_ensemble3,chemprop,0.80,NA
bace,spectra_tanimoto,0.80_2_ensemble3,chemprop,0.80,NA
bace,spectra_tanimoto,0.85_0_ensemble3,chemprop,0.85,NA
bace,spectra_tanimoto,0.85_1_ensemble3,chemprop,0.85,NA
bace,spectra_tanimoto,0.85_2_ensemble3,chemprop,0.85,NA
bace,spectra_tanimoto,0.90_0_ensemble3,chemprop,0.90,NA
bace,spectra_tanimoto,0.90_1_ensemble3,chemprop,0.90,NA
bace,spectra_tanimoto,0.95_2_ensemble3,chemprop,0.95,NA
bace,spectra_tanimoto,0.00_0_ensemble4,chemprop,0.00,0.892372190952301
bace,spectra_tanimoto,0.00_1_ensemble4,chemprop,0.00,0.883583068847656
bace,spectra_tanimoto,0.00_2_ensemble4,chemprop,0.00,0.841292321681976
bace,spectra_tanimoto,0.05_0_ensemble4,chemprop,0.05,0.837887048721313
bace,spectra_tanimoto,0.05_1_ensemble4,chemprop,0.05,0.764622509479523
bace,spectra_tanimoto,0.05_2_ensemble4,chemprop,0.05,0.755522847175598
bace,spectra_tanimoto,0.10_0_ensemble4,chemprop,0.10,0.831280827522278
bace,spectra_tanimoto,0.10_1_ensemble4,chemprop,0.10,0.805151224136353
bace,spectra_tanimoto,0.10_2_ensemble4,chemprop,0.10,0.886217951774597
bace,spectra_tanimoto,0.15_0_ensemble4,chemprop,0.15,0.637566149234772
bace,spectra_tanimoto,0.15_1_ensemble4,chemprop,0.15,0.780027031898499
bace,spectra_tanimoto,0.15_2_ensemble4,chemprop,0.15,0.702380955219269
bace,spectra_tanimoto,0.20_0_ensemble4,chemprop,0.20,0.579831898212433
bace,spectra_tanimoto,0.20_1_ensemble4,chemprop,0.20,0.761755466461182
bace,spectra_tanimoto,0.20_2_ensemble4,chemprop,0.20,0.680672287940979
bace,spectra_tanimoto,0.25_0_ensemble4,chemprop,0.25,0.730769217014313
bace,spectra_tanimoto,0.25_1_ensemble4,chemprop,0.25,0.185714304447174
bace,spectra_tanimoto,0.25_2_ensemble4,chemprop,0.25,0.181818187236786
bace,spectra_tanimoto,0.30_0_ensemble4,chemprop,0.30,0.614583313465118
bace,spectra_tanimoto,0.30_1_ensemble4,chemprop,0.30,0.144444450736046
bace,spectra_tanimoto,0.30_2_ensemble4,chemprop,0.30,0.714285731315613
bace,spectra_tanimoto,0.35_0_ensemble4,chemprop,0.35,0.666666626930237
bace,spectra_tanimoto,0.35_1_ensemble4,chemprop,0.35,0.291666656732559
bace,spectra_tanimoto,0.35_2_ensemble4,chemprop,0.35,0.333333313465118
bace,spectra_tanimoto,0.40_0_ensemble4,chemprop,0.40,NA
bace,spectra_tanimoto,0.40_1_ensemble4,chemprop,0.40,0.571428596973419
bace,spectra_tanimoto,0.40_2_ensemble4,chemprop,0.40,0.321428567171097
bace,spectra_tanimoto,0.45_0_ensemble4,chemprop,0.45,0.222222208976746
bace,spectra_tanimoto,0.45_1_ensemble4,chemprop,0.45,0.850000023841858
bace,spectra_tanimoto,0.45_2_ensemble4,chemprop,0.45,1
bace,spectra_tanimoto,0.50_0_ensemble4,chemprop,0.50,0.533333361148834
bace,spectra_tanimoto,0.50_1_ensemble4,chemprop,0.50,1
bace,spectra_tanimoto,0.50_2_ensemble4,chemprop,0.50,0.25
bace,spectra_tanimoto,0.55_0_ensemble4,chemprop,0.55,0.600000023841858
bace,spectra_tanimoto,0.55_1_ensemble4,chemprop,0.55,0.333333343267441
bace,spectra_tanimoto,0.55_2_ensemble4,chemprop,0.55,0
bace,spectra_tanimoto,0.60_0_ensemble4,chemprop,0.60,NA
bace,spectra_tanimoto,0.60_1_ensemble4,chemprop,0.60,NA
bace,spectra_tanimoto,0.60_2_ensemble4,chemprop,0.60,0.833333373069763
bace,spectra_tanimoto,0.65_0_ensemble4,chemprop,0.65,NA
bace,spectra_tanimoto,0.65_1_ensemble4,chemprop,0.65,NA
bace,spectra_tanimoto,0.65_2_ensemble4,chemprop,0.65,NA
bace,spectra_tanimoto,0.70_0_ensemble4,chemprop,0.70,NA
bace,spectra_tanimoto,0.70_1_ensemble4,chemprop,0.70,NA
bace,spectra_tanimoto,0.70_2_ensemble4,chemprop,0.70,NA
bace,spectra_tanimoto,0.75_0_ensemble4,chemprop,0.75,NA
bace,spectra_tanimoto,0.75_1_ensemble4,chemprop,0.75,NA
bace,spectra_tanimoto,0.75_2_ensemble4,chemprop,0.75,NA
bace,spectra_tanimoto,0.80_0_ensemble4,chemprop,0.80,NA
bace,spectra_tanimoto,0.80_1_ensemble4,chemprop,0.80,NA
bace,spectra_tanimoto,0.80_2_ensemble4,chemprop,0.80,NA
bace,spectra_tanimoto,0.85_0_ensemble4,chemprop,0.85,NA
bace,spectra_tanimoto,0.85_1_ensemble4,chemprop,0.85,NA
bace,spectra_tanimoto,0.85_2_ensemble4,chemprop,0.85,NA
bace,spectra_tanimoto,0.90_0_ensemble4,chemprop,0.90,NA
bace,spectra_tanimoto,0.90_1_ensemble4,chemprop,0.90,NA
bace,spectra_tanimoto,0.95_2_ensemble4,chemprop,0.95,NA
bace,spectra_tanimoto,0.00_0_ensemble5,chemprop,0.00,0.894444465637207
bace,spectra_tanimoto,0.00_1_ensemble5,chemprop,0.00,0.876829862594604
bace,spectra_tanimoto,0.00_2_ensemble5,chemprop,0.00,0.860775828361511
bace,spectra_tanimoto,0.05_0_ensemble5,chemprop,0.05,0.718397080898285
bace,spectra_tanimoto,0.05_1_ensemble5,chemprop,0.05,0.852002859115601
bace,spectra_tanimoto,0.05_2_ensemble5,chemprop,0.05,0.713365316390991
bace,spectra_tanimoto,0.10_0_ensemble5,chemprop,0.10,0.798645317554474
bace,spectra_tanimoto,0.10_1_ensemble5,chemprop,0.10,0.89025753736496
bace,spectra_tanimoto,0.10_2_ensemble5,chemprop,0.10,0.859508514404297
bace,spectra_tanimoto,0.15_0_ensemble5,chemprop,0.15,0.658730149269104
bace,spectra_tanimoto,0.15_1_ensemble5,chemprop,0.15,0.763832628726959
bace,spectra_tanimoto,0.15_2_ensemble5,chemprop,0.15,0.730158746242523
bace,spectra_tanimoto,0.20_0_ensemble5,chemprop,0.20,0.546218514442444
bace,spectra_tanimoto,0.20_1_ensemble5,chemprop,0.20,0.60815042257309
bace,spectra_tanimoto,0.20_2_ensemble5,chemprop,0.20,0.756302535533905
bace,spectra_tanimoto,0.25_0_ensemble5,chemprop,0.25,0.544871807098389
bace,spectra_tanimoto,0.25_1_ensemble5,chemprop,0.25,0.25
bace,spectra_tanimoto,0.25_2_ensemble5,chemprop,0.25,0.181818187236786
bace,spectra_tanimoto,0.30_0_ensemble5,chemprop,0.30,0.447916686534882
bace,spectra_tanimoto,0.30_1_ensemble5,chemprop,0.30,0.144444450736046
bace,spectra_tanimoto,0.30_2_ensemble5,chemprop,0.30,0.714285731315613
bace,spectra_tanimoto,0.35_0_ensemble5,chemprop,0.35,0.64814817905426
bace,spectra_tanimoto,0.35_1_ensemble5,chemprop,0.35,0.270833313465118
bace,spectra_tanimoto,0.35_2_ensemble5,chemprop,0.35,0.333333313465118
bace,spectra_tanimoto,0.40_0_ensemble5,chemprop,0.40,NA
bace,spectra_tanimoto,0.40_1_ensemble5,chemprop,0.40,0.571428596973419
bace,spectra_tanimoto,0.40_2_ensemble5,chemprop,0.40,0.5
bace,spectra_tanimoto,0.45_0_ensemble5,chemprop,0.45,0.16666667163372
bace,spectra_tanimoto,0.45_1_ensemble5,chemprop,0.45,0.649999976158142
bace,spectra_tanimoto,0.45_2_ensemble5,chemprop,0.45,0.75
bace,spectra_tanimoto,0.50_0_ensemble5,chemprop,0.50,0.533333361148834
bace,spectra_tanimoto,0.50_1_ensemble5,chemprop,0.50,1
bace,spectra_tanimoto,0.50_2_ensemble5,chemprop,0.50,0.166666686534882
bace,spectra_tanimoto,0.55_0_ensemble5,chemprop,0.55,0.600000023841858
bace,spectra_tanimoto,0.55_1_ensemble5,chemprop,0.55,0.333333343267441
bace,spectra_tanimoto,0.55_2_ensemble5,chemprop,0.55,0
bace,spectra_tanimoto,0.60_0_ensemble5,chemprop,0.60,NA
bace,spectra_tanimoto,0.60_1_ensemble5,chemprop,0.60,NA
bace,spectra_tanimoto,0.60_2_ensemble5,chemprop,0.60,0.833333373069763
bace,spectra_tanimoto,0.65_0_ensemble5,chemprop,0.65,NA
bace,spectra_tanimoto,0.65_1_ensemble5,chemprop,0.65,NA
bace,spectra_tanimoto,0.65_2_ensemble5,chemprop,0.65,NA
bace,spectra_tanimoto,0.70_0_ensemble5,chemprop,0.70,NA
bace,spectra_tanimoto,0.70_1_ensemble5,chemprop,0.70,NA
bace,spectra_tanimoto,0.70_2_ensemble5,chemprop,0.70,NA
bace,spectra_tanimoto,0.75_0_ensemble5,chemprop,0.75,NA
bace,spectra_tanimoto,0.75_1_ensemble5,chemprop,0.75,NA
bace,spectra_tanimoto,0.75_2_ensemble5,chemprop,0.75,NA
bace,spectra_tanimoto,0.80_0_ensemble5,chemprop,0.80,NA
bace,spectra_tanimoto,0.80_1_ensemble5,chemprop,0.80,NA
bace,spectra_tanimoto,0.80_2_ensemble5,chemprop,0.80,NA
bace,spectra_tanimoto,0.85_0_ensemble5,chemprop,0.85,NA
bace,spectra_tanimoto,0.85_1_ensemble5,chemprop,0.85,NA
bace,spectra_tanimoto,0.85_2_ensemble5,chemprop,0.85,NA
bace,spectra_tanimoto,0.90_0_ensemble5,chemprop,0.90,NA
bace,spectra_tanimoto,0.90_1_ensemble5,chemprop,0.90,NA
bace,spectra_tanimoto,0.95_2_ensemble5,chemprop,0.95,NA
bbbp,random,1_ensemble1,chemprop,NA,0.894742250442504
bbbp,random,2_ensemble1,chemprop,NA,0.920444071292877
bbbp,random,3_ensemble1,chemprop,NA,0.933602392673492
bbbp,random,4_ensemble1,chemprop,NA,0.931142807006835
bbbp,random,5_ensemble1,chemprop,NA,0.902649223804473
bbbp,random,1_ensemble2,chemprop,NA,0.904012441635131
bbbp,random,2_ensemble2,chemprop,NA,0.908880710601806
bbbp,random,3_ensemble2,chemprop,NA,0.948282659053802
bbbp,random,4_ensemble2,chemprop,NA,0.935910761356353
bbbp,random,5_ensemble2,chemprop,NA,0.930943131446838
bbbp,random,1_ensemble3,chemprop,NA,0.891975104808807
bbbp,random,2_ensemble3,chemprop,NA,0.914146423339843
bbbp,random,3_ensemble3,chemprop,NA,0.942782521247863
bbbp,random,4_ensemble3,chemprop,NA,0.922531127929687
bbbp,random,5_ensemble3,chemprop,NA,0.927092909812927
bbbp,random,1_ensemble4,chemprop,NA,0.874403357505798
bbbp,random,2_ensemble4,chemprop,NA,0.912225186824798
bbbp,random,3_ensemble4,chemprop,NA,0.94642299413681
bbbp,random,4_ensemble4,chemprop,NA,0.910297155380249
bbbp,random,5_ensemble4,chemprop,NA,0.928293943405151
bbbp,random,1_ensemble5,chemprop,NA,0.893427908420562
bbbp,random,2_ensemble5,chemprop,NA,0.911442399024963
bbbp,random,3_ensemble5,chemprop,NA,0.940606236457824
bbbp,random,4_ensemble5,chemprop,NA,0.959047853946685
bbbp,random,5_ensemble5,chemprop,NA,0.916884541511535
bbbp,scaffold,1_ensemble1,chemprop,NA,0.933463215827942
bbbp,scaffold,2_ensemble1,chemprop,NA,0.90115076303482
bbbp,scaffold,3_ensemble1,chemprop,NA,0.91940039396286
bbbp,scaffold,4_ensemble1,chemprop,NA,0.900112926959991
bbbp,scaffold,5_ensemble1,chemprop,NA,0.892115890979767
bbbp,scaffold,1_ensemble2,chemprop,NA,0.926719188690186
bbbp,scaffold,2_ensemble2,chemprop,NA,0.853502452373505
bbbp,scaffold,3_ensemble2,chemprop,NA,0.92258882522583
bbbp,scaffold,4_ensemble2,chemprop,NA,0.902936458587646
bbbp,scaffold,5_ensemble2,chemprop,NA,0.897176384925842
bbbp,scaffold,1_ensemble3,chemprop,NA,0.918028116226196
bbbp,scaffold,2_ensemble3,chemprop,NA,0.879425287246704
bbbp,scaffold,3_ensemble3,chemprop,NA,0.919203221797943
bbbp,scaffold,4_ensemble3,chemprop,NA,0.892240285873413
bbbp,scaffold,5_ensemble3,chemprop,NA,0.871140420436859
bbbp,scaffold,1_ensemble4,chemprop,NA,0.933843016624451
bbbp,scaffold,2_ensemble4,chemprop,NA,0.87209963798523
bbbp,scaffold,3_ensemble4,chemprop,NA,0.901354312896728
bbbp,scaffold,4_ensemble4,chemprop,NA,0.90316903591156
bbbp,scaffold,5_ensemble4,chemprop,NA,0.91056102514267
bbbp,scaffold,1_ensemble5,chemprop,NA,0.906582474708557
bbbp,scaffold,2_ensemble5,chemprop,NA,0.885839104652405
bbbp,scaffold,3_ensemble5,chemprop,NA,0.936427652835846
bbbp,scaffold,4_ensemble5,chemprop,NA,0.911706149578094
bbbp,scaffold,5_ensemble5,chemprop,NA,0.903557062149048
bbbp,umap,1_ensemble1,chemprop,NA,0.663352310657501
bbbp,umap,2_ensemble1,chemprop,NA,0.710213601589202
bbbp,umap,3_ensemble1,chemprop,NA,0.767584085464477
bbbp,umap,4_ensemble1,chemprop,NA,0.819513440132141
bbbp,umap,5_ensemble1,chemprop,NA,0.990683197975158
bbbp,umap,1_ensemble2,chemprop,NA,0.571732938289642
bbbp,umap,2_ensemble2,chemprop,NA,0.776967227458953
bbbp,umap,3_ensemble2,chemprop,NA,0.757390439510345
bbbp,umap,4_ensemble2,chemprop,NA,0.933465778827667
bbbp,umap,5_ensemble2,chemprop,NA,0.990683197975158
bbbp,umap,1_ensemble3,chemprop,NA,0.56747156381607
bbbp,umap,2_ensemble3,chemprop,NA,0.836373090744018
bbbp,umap,3_ensemble3,chemprop,NA,0.776758432388305
bbbp,umap,4_ensemble3,chemprop,NA,0.882323741912841
bbbp,umap,5_ensemble3,chemprop,NA,0.745341658592224
bbbp,umap,1_ensemble4,chemprop,NA,0.683238625526428
bbbp,umap,2_ensemble4,chemprop,NA,0.80661803483963
bbbp,umap,3_ensemble4,chemprop,NA,0.794087648391723
bbbp,umap,4_ensemble4,chemprop,NA,0.70084410905838
bbbp,umap,5_ensemble4,chemprop,NA,0.895962715148925
bbbp,umap,1_ensemble5,chemprop,NA,0.549715936183929
bbbp,umap,2_ensemble5,chemprop,NA,0.709640443325042
bbbp,umap,3_ensemble5,chemprop,NA,0.726809322834014
bbbp,umap,4_ensemble5,chemprop,NA,0.861717998981475
bbbp,umap,5_ensemble5,chemprop,NA,0.715838551521301
bbbp,spectra_tanimoto,0.00_0_ensemble1,chemprop,0.00,0.901260495185852
bbbp,spectra_tanimoto,0.00_1_ensemble1,chemprop,0.00,0.905749678611755
bbbp,spectra_tanimoto,0.00_2_ensemble1,chemprop,0.00,0.907269656658173
bbbp,spectra_tanimoto,0.05_0_ensemble1,chemprop,0.05,0.879420220851898
bbbp,spectra_tanimoto,0.05_1_ensemble1,chemprop,0.05,0.86608624458313
bbbp,spectra_tanimoto,0.05_2_ensemble1,chemprop,0.05,0.791708290576935
bbbp,spectra_tanimoto,0.10_0_ensemble1,chemprop,0.10,0.880380272865295
bbbp,spectra_tanimoto,0.10_1_ensemble1,chemprop,0.10,0.808760643005371
bbbp,spectra_tanimoto,0.10_2_ensemble1,chemprop,0.10,0.859444499015808
bbbp,spectra_tanimoto,0.15_0_ensemble1,chemprop,0.15,0.781395375728607
bbbp,spectra_tanimoto,0.15_1_ensemble1,chemprop,0.15,0.798319280147552
bbbp,spectra_tanimoto,0.15_2_ensemble1,chemprop,0.15,0.77571427822113
bbbp,spectra_tanimoto,0.20_0_ensemble1,chemprop,0.20,0.788793087005615
bbbp,spectra_tanimoto,0.20_1_ensemble1,chemprop,0.20,0.756696462631226
bbbp,spectra_tanimoto,0.20_2_ensemble1,chemprop,0.20,0.856770873069763
bbbp,spectra_tanimoto,0.25_0_ensemble1,chemprop,0.25,0.388888895511627
bbbp,spectra_tanimoto,0.25_1_ensemble1,chemprop,0.25,0.813636422157288
bbbp,spectra_tanimoto,0.25_2_ensemble1,chemprop,0.25,0.748148143291473
bbbp,spectra_tanimoto,0.30_0_ensemble1,chemprop,0.30,0.789999961853027
bbbp,spectra_tanimoto,0.30_1_ensemble1,chemprop,0.30,0.227272719144821
bbbp,spectra_tanimoto,0.30_2_ensemble1,chemprop,0.30,0.240740746259689
bbbp,spectra_tanimoto,0.35_0_ensemble1,chemprop,0.35,0.70175439119339
bbbp,spectra_tanimoto,0.35_1_ensemble1,chemprop,0.35,0.368749976158142
bbbp,spectra_tanimoto,0.35_2_ensemble1,chemprop,0.35,0.798076868057251
bbbp,spectra_tanimoto,0.40_0_ensemble1,chemprop,0.40,0.807692289352417
bbbp,spectra_tanimoto,0.40_1_ensemble1,chemprop,0.40,0.9375
bbbp,spectra_tanimoto,0.40_2_ensemble1,chemprop,0.40,0.738095223903656
bbbp,spectra_tanimoto,0.45_0_ensemble1,chemprop,0.45,0.416666656732559
bbbp,spectra_tanimoto,0.45_1_ensemble1,chemprop,0.45,0.740000009536743
bbbp,spectra_tanimoto,0.45_2_ensemble1,chemprop,0.45,0.339999973773956
bbbp,spectra_tanimoto,0.50_0_ensemble1,chemprop,0.50,0.375
bbbp,spectra_tanimoto,0.50_1_ensemble1,chemprop,0.50,0.5
bbbp,spectra_tanimoto,0.50_2_ensemble1,chemprop,0.50,0.333333313465118
bbbp,spectra_tanimoto,0.55_0_ensemble1,chemprop,0.55,0.25
bbbp,spectra_tanimoto,0.55_1_ensemble1,chemprop,0.55,0
bbbp,spectra_tanimoto,0.55_2_ensemble1,chemprop,0.55,1
bbbp,spectra_tanimoto,0.60_0_ensemble1,chemprop,0.60,0.25
bbbp,spectra_tanimoto,0.60_1_ensemble1,chemprop,0.60,0.28571429848671
bbbp,spectra_tanimoto,0.60_2_ensemble1,chemprop,0.60,0.416666656732559
bbbp,spectra_tanimoto,0.65_0_ensemble1,chemprop,0.65,0.375
bbbp,spectra_tanimoto,0.65_1_ensemble1,chemprop,0.65,0
bbbp,spectra_tanimoto,0.65_2_ensemble1,chemprop,0.65,0.25
bbbp,spectra_tanimoto,0.70_0_ensemble1,chemprop,0.70,0.625
bbbp,spectra_tanimoto,0.70_1_ensemble1,chemprop,0.70,0.333333343267441
bbbp,spectra_tanimoto,0.70_2_ensemble1,chemprop,0.70,0.5
bbbp,spectra_tanimoto,0.75_0_ensemble1,chemprop,0.75,0
bbbp,spectra_tanimoto,0.75_1_ensemble1,chemprop,0.75,0
bbbp,spectra_tanimoto,0.75_2_ensemble1,chemprop,0.75,0.800000011920929
bbbp,spectra_tanimoto,0.80_0_ensemble1,chemprop,0.80,NA
bbbp,spectra_tanimoto,0.80_1_ensemble1,chemprop,0.80,NA
bbbp,spectra_tanimoto,0.80_2_ensemble1,chemprop,0.80,NA
bbbp,spectra_tanimoto,0.85_0_ensemble1,chemprop,0.85,NA
bbbp,spectra_tanimoto,0.85_1_ensemble1,chemprop,0.85,NA
bbbp,spectra_tanimoto,0.85_2_ensemble1,chemprop,0.85,NA
bbbp,spectra_tanimoto,0.90_0_ensemble1,chemprop,0.90,NA
bbbp,spectra_tanimoto,0.90_1_ensemble1,chemprop,0.90,NA
bbbp,spectra_tanimoto,0.90_2_ensemble1,chemprop,0.90,NA
bbbp,spectra_tanimoto,0.95_0_ensemble1,chemprop,0.95,NA
bbbp,spectra_tanimoto,0.95_1_ensemble1,chemprop,0.95,NA
bbbp,spectra_tanimoto,0.95_2_ensemble1,chemprop,0.95,NA
bbbp,spectra_tanimoto,1.00_0_ensemble1,chemprop,1.00,NA
bbbp,spectra_tanimoto,0.00_0_ensemble2,chemprop,0.00,0.8887699842453
bbbp,spectra_tanimoto,0.00_1_ensemble2,chemprop,0.00,0.87917160987854
bbbp,spectra_tanimoto,0.00_2_ensemble2,chemprop,0.00,0.895221829414368
bbbp,spectra_tanimoto,0.05_0_ensemble2,chemprop,0.05,0.885942101478577
bbbp,spectra_tanimoto,0.05_1_ensemble2,chemprop,0.05,0.869955778121948
bbbp,spectra_tanimoto,0.05_2_ensemble2,chemprop,0.05,0.793706297874451
bbbp,spectra_tanimoto,0.10_0_ensemble2,chemprop,0.10,0.884884834289551
bbbp,spectra_tanimoto,0.10_1_ensemble2,chemprop,0.10,0.814102530479431
bbbp,spectra_tanimoto,0.10_2_ensemble2,chemprop,0.10,0.87333333492279
bbbp,spectra_tanimoto,0.15_0_ensemble2,chemprop,0.15,0.79302328824997
bbbp,spectra_tanimoto,0.15_1_ensemble2,chemprop,0.15,0.787514925003052
bbbp,spectra_tanimoto,0.15_2_ensemble2,chemprop,0.15,0.731428563594818
bbbp,spectra_tanimoto,0.20_0_ensemble2,chemprop,0.20,0.85129314661026
bbbp,spectra_tanimoto,0.20_1_ensemble2,chemprop,0.20,0.729910731315613
bbbp,spectra_tanimoto,0.20_2_ensemble2,chemprop,0.20,0.846354126930237
bbbp,spectra_tanimoto,0.25_0_ensemble2,chemprop,0.25,0.30092591047287
bbbp,spectra_tanimoto,0.25_1_ensemble2,chemprop,0.25,0.799999952316284
bbbp,spectra_tanimoto,0.25_2_ensemble2,chemprop,0.25,0.992592573165894
bbbp,spectra_tanimoto,0.30_0_ensemble2,chemprop,0.30,0.819999992847443
bbbp,spectra_tanimoto,0.30_1_ensemble2,chemprop,0.30,0.981818199157715
bbbp,spectra_tanimoto,0.30_2_ensemble2,chemprop,0.30,0.308641970157623
bbbp,spectra_tanimoto,0.35_0_ensemble2,chemprop,0.35,0.456140339374542
bbbp,spectra_tanimoto,0.35_1_ensemble2,chemprop,0.35,0.643749952316284
bbbp,spectra_tanimoto,0.35_2_ensemble2,chemprop,0.35,0.730769276618958
bbbp,spectra_tanimoto,0.40_0_ensemble2,chemprop,0.40,0.115384615957737
bbbp,spectra_tanimoto,0.40_1_ensemble2,chemprop,0.40,0.9375
bbbp,spectra_tanimoto,0.40_2_ensemble2,chemprop,0.40,1
bbbp,spectra_tanimoto,0.45_0_ensemble2,chemprop,0.45,1
bbbp,spectra_tanimoto,0.45_1_ensemble2,chemprop,0.45,0.709999978542328
bbbp,spectra_tanimoto,0.45_2_ensemble2,chemprop,0.45,0.560000002384186
bbbp,spectra_tanimoto,0.50_0_ensemble2,chemprop,0.50,0.59375
bbbp,spectra_tanimoto,0.50_1_ensemble2,chemprop,0.50,0.800000011920929
bbbp,spectra_tanimoto,0.50_2_ensemble2,chemprop,0.50,0.466666668653488
bbbp,spectra_tanimoto,0.55_0_ensemble2,chemprop,0.55,0.53125
bbbp,spectra_tanimoto,0.55_1_ensemble2,chemprop,0.55,0
bbbp,spectra_tanimoto,0.55_2_ensemble2,chemprop,0.55,1
bbbp,spectra_tanimoto,0.60_0_ensemble2,chemprop,0.60,0.125
bbbp,spectra_tanimoto,0.60_1_ensemble2,chemprop,0.60,0.28571429848671
bbbp,spectra_tanimoto,0.60_2_ensemble2,chemprop,0.60,0
bbbp,spectra_tanimoto,0.65_0_ensemble2,chemprop,0.65,0.5
bbbp,spectra_tanimoto,0.65_1_ensemble2,chemprop,0.65,0
bbbp,spectra_tanimoto,0.65_2_ensemble2,chemprop,0.65,0.16666667163372
bbbp,spectra_tanimoto,0.70_0_ensemble2,chemprop,0.70,0.375
bbbp,spectra_tanimoto,0.70_1_ensemble2,chemprop,0.70,0.333333343267441
bbbp,spectra_tanimoto,0.70_2_ensemble2,chemprop,0.70,0.5
bbbp,spectra_tanimoto,0.75_0_ensemble2,chemprop,0.75,0
bbbp,spectra_tanimoto,0.75_1_ensemble2,chemprop,0.75,0
bbbp,spectra_tanimoto,0.75_2_ensemble2,chemprop,0.75,0.800000011920929
bbbp,spectra_tanimoto,0.80_0_ensemble2,chemprop,0.80,NA
bbbp,spectra_tanimoto,0.80_1_ensemble2,chemprop,0.80,NA
bbbp,spectra_tanimoto,0.80_2_ensemble2,chemprop,0.80,NA
bbbp,spectra_tanimoto,0.85_0_ensemble2,chemprop,0.85,NA
bbbp,spectra_tanimoto,0.85_1_ensemble2,chemprop,0.85,NA
bbbp,spectra_tanimoto,0.85_2_ensemble2,chemprop,0.85,NA
bbbp,spectra_tanimoto,0.90_0_ensemble2,chemprop,0.90,NA
bbbp,spectra_tanimoto,0.90_1_ensemble2,chemprop,0.90,NA
bbbp,spectra_tanimoto,0.90_2_ensemble2,chemprop,0.90,NA
bbbp,spectra_tanimoto,0.95_0_ensemble2,chemprop,0.95,NA
bbbp,spectra_tanimoto,0.95_1_ensemble2,chemprop,0.95,NA
bbbp,spectra_tanimoto,0.95_2_ensemble2,chemprop,0.95,NA
bbbp,spectra_tanimoto,1.00_0_ensemble2,chemprop,1.00,NA
bbbp,spectra_tanimoto,0.00_0_ensemble3,chemprop,0.00,0.887738704681396
bbbp,spectra_tanimoto,0.00_1_ensemble3,chemprop,0.00,0.875684916973114
bbbp,spectra_tanimoto,0.00_2_ensemble3,chemprop,0.00,0.891911268234253
bbbp,spectra_tanimoto,0.05_0_ensemble3,chemprop,0.05,0.890289902687073
bbbp,spectra_tanimoto,0.05_1_ensemble3,chemprop,0.05,0.84825873374939
bbbp,spectra_tanimoto,0.05_2_ensemble3,chemprop,0.05,0.780885815620422
bbbp,spectra_tanimoto,0.10_0_ensemble3,chemprop,0.10,0.904904961585998
bbbp,spectra_tanimoto,0.10_1_ensemble3,chemprop,0.10,0.831196546554565
bbbp,spectra_tanimoto,0.10_2_ensemble3,chemprop,0.10,0.872222304344177
bbbp,spectra_tanimoto,0.15_0_ensemble3,chemprop,0.15,0.850000023841858
bbbp,spectra_tanimoto,0.15_1_ensemble3,chemprop,0.15,0.852340936660767
bbbp,spectra_tanimoto,0.15_2_ensemble3,chemprop,0.15,0.517142832279205
bbbp,spectra_tanimoto,0.20_0_ensemble3,chemprop,0.20,0.846982717514038
bbbp,spectra_tanimoto,0.20_1_ensemble3,chemprop,0.20,0.899553596973419
bbbp,spectra_tanimoto,0.20_2_ensemble3,chemprop,0.20,0.807291686534882
bbbp,spectra_tanimoto,0.25_0_ensemble3,chemprop,0.25,0.152777776122093
bbbp,spectra_tanimoto,0.25_1_ensemble3,chemprop,0.25,0.745454490184784
bbbp,spectra_tanimoto,0.25_2_ensemble3,chemprop,0.25,0.970370411872864
bbbp,spectra_tanimoto,0.30_0_ensemble3,chemprop,0.30,0.77999997138977
bbbp,spectra_tanimoto,0.30_1_ensemble3,chemprop,0.30,0.981818199157715
bbbp,spectra_tanimoto,0.30_2_ensemble3,chemprop,0.30,0.203703701496124
bbbp,spectra_tanimoto,0.35_0_ensemble3,chemprop,0.35,0.385964900255203
bbbp,spectra_tanimoto,0.35_1_ensemble3,chemprop,0.35,0.499999970197678
bbbp,spectra_tanimoto,0.35_2_ensemble3,chemprop,0.35,0.740384638309479
bbbp,spectra_tanimoto,0.40_0_ensemble3,chemprop,0.40,0.0769230797886848
bbbp,spectra_tanimoto,0.40_1_ensemble3,chemprop,0.40,0.9375
bbbp,spectra_tanimoto,0.40_2_ensemble3,chemprop,0.40,0.261904776096344
bbbp,spectra_tanimoto,0.45_0_ensemble3,chemprop,0.45,0.25
bbbp,spectra_tanimoto,0.45_1_ensemble3,chemprop,0.45,0.740000009536743
bbbp,spectra_tanimoto,0.45_2_ensemble3,chemprop,0.45,0.339999973773956
bbbp,spectra_tanimoto,0.50_0_ensemble3,chemprop,0.50,0.71875
bbbp,spectra_tanimoto,0.50_1_ensemble3,chemprop,0.50,0.800000011920929
bbbp,spectra_tanimoto,0.50_2_ensemble3,chemprop,0.50,0.400000035762787
bbbp,spectra_tanimoto,0.55_0_ensemble3,chemprop,0.55,0.25
bbbp,spectra_tanimoto,0.55_1_ensemble3,chemprop,0.55,0
bbbp,spectra_tanimoto,0.55_2_ensemble3,chemprop,0.55,1
bbbp,spectra_tanimoto,0.60_0_ensemble3,chemprop,0.60,1
bbbp,spectra_tanimoto,0.60_1_ensemble3,chemprop,0.60,0.285714268684387
bbbp,spectra_tanimoto,0.60_2_ensemble3,chemprop,0.60,0.416666656732559
bbbp,spectra_tanimoto,0.65_0_ensemble3,chemprop,0.65,0.375
bbbp,spectra_tanimoto,0.65_1_ensemble3,chemprop,0.65,0
bbbp,spectra_tanimoto,0.65_2_ensemble3,chemprop,0.65,0.333333343267441
bbbp,spectra_tanimoto,0.70_0_ensemble3,chemprop,0.70,0.25
bbbp,spectra_tanimoto,0.70_1_ensemble3,chemprop,0.70,0.555555582046509
bbbp,spectra_tanimoto,0.70_2_ensemble3,chemprop,0.70,0.0833333358168602
bbbp,spectra_tanimoto,0.75_0_ensemble3,chemprop,0.75,0
bbbp,spectra_tanimoto,0.75_1_ensemble3,chemprop,0.75,0
bbbp,spectra_tanimoto,0.75_2_ensemble3,chemprop,0.75,0.600000023841858
bbbp,spectra_tanimoto,0.80_0_ensemble3,chemprop,0.80,NA
bbbp,spectra_tanimoto,0.80_1_ensemble3,chemprop,0.80,NA
bbbp,spectra_tanimoto,0.80_2_ensemble3,chemprop,0.80,NA
bbbp,spectra_tanimoto,0.85_0_ensemble3,chemprop,0.85,NA
bbbp,spectra_tanimoto,0.85_1_ensemble3,chemprop,0.85,NA
bbbp,spectra_tanimoto,0.85_2_ensemble3,chemprop,0.85,NA
bbbp,spectra_tanimoto,0.90_0_ensemble3,chemprop,0.90,NA
bbbp,spectra_tanimoto,0.90_1_ensemble3,chemprop,0.90,NA
bbbp,spectra_tanimoto,0.90_2_ensemble3,chemprop,0.90,NA
bbbp,spectra_tanimoto,0.95_0_ensemble3,chemprop,0.95,NA
bbbp,spectra_tanimoto,0.95_1_ensemble3,chemprop,0.95,NA
bbbp,spectra_tanimoto,0.95_2_ensemble3,chemprop,0.95,NA
bbbp,spectra_tanimoto,1.00_0_ensemble3,chemprop,1.00,NA
bbbp,spectra_tanimoto,0.00_0_ensemble4,chemprop,0.00,0.89346832036972
bbbp,spectra_tanimoto,0.00_1_ensemble4,chemprop,0.00,0.904397666454315
bbbp,spectra_tanimoto,0.00_2_ensemble4,chemprop,0.00,0.882730424404144
bbbp,spectra_tanimoto,0.05_0_ensemble4,chemprop,0.05,0.873623192310333
bbbp,spectra_tanimoto,0.05_1_ensemble4,chemprop,0.05,0.872719764709473
bbbp,spectra_tanimoto,0.05_2_ensemble4,chemprop,0.05,0.774725258350372
bbbp,spectra_tanimoto,0.10_0_ensemble4,chemprop,0.10,0.858858823776245
bbbp,spectra_tanimoto,0.10_1_ensemble4,chemprop,0.10,0.782585501670837
bbbp,spectra_tanimoto,0.10_2_ensemble4,chemprop,0.10,0.892222166061401
bbbp,spectra_tanimoto,0.15_0_ensemble4,chemprop,0.15,0.797674417495728
bbbp,spectra_tanimoto,0.15_1_ensemble4,chemprop,0.15,0.775510191917419
bbbp,spectra_tanimoto,0.15_2_ensemble4,chemprop,0.15,0.75857138633728
bbbp,spectra_tanimoto,0.20_0_ensemble4,chemprop,0.20,0.857758641242981
bbbp,spectra_tanimoto,0.20_1_ensemble4,chemprop,0.20,0.772321462631226
bbbp,spectra_tanimoto,0.20_2_ensemble4,chemprop,0.20,0.828125
bbbp,spectra_tanimoto,0.25_0_ensemble4,chemprop,0.25,0.259259253740311
bbbp,spectra_tanimoto,0.25_1_ensemble4,chemprop,0.25,0.809090971946716
bbbp,spectra_tanimoto,0.25_2_ensemble4,chemprop,0.25,0.992592573165894
bbbp,spectra_tanimoto,0.30_0_ensemble4,chemprop,0.30,0.830000042915344
bbbp,spectra_tanimoto,0.30_1_ensemble4,chemprop,0.30,0.227272719144821
bbbp,spectra_tanimoto,0.30_2_ensemble4,chemprop,0.30,0.228395074605942
bbbp,spectra_tanimoto,0.35_0_ensemble4,chemprop,0.35,0.754385948181152
bbbp,spectra_tanimoto,0.35_1_ensemble4,chemprop,0.35,0.587499976158142
bbbp,spectra_tanimoto,0.35_2_ensemble4,chemprop,0.35,0.846153855323792
bbbp,spectra_tanimoto,0.40_0_ensemble4,chemprop,0.40,0.0576923079788685
bbbp,spectra_tanimoto,0.40_1_ensemble4,chemprop,0.40,0.9375
bbbp,spectra_tanimoto,0.40_2_ensemble4,chemprop,0.40,0.809523820877075
bbbp,spectra_tanimoto,0.45_0_ensemble4,chemprop,0.45,0.16666667163372
bbbp,spectra_tanimoto,0.45_1_ensemble4,chemprop,0.45,0.77999997138977
bbbp,spectra_tanimoto,0.45_2_ensemble4,chemprop,0.45,0.5
bbbp,spectra_tanimoto,0.50_0_ensemble4,chemprop,0.50,0.46875
bbbp,spectra_tanimoto,0.50_1_ensemble4,chemprop,0.50,0.800000011920929
bbbp,spectra_tanimoto,0.50_2_ensemble4,chemprop,0.50,0.266666680574417
bbbp,spectra_tanimoto,0.55_0_ensemble4,chemprop,0.55,0.5625
bbbp,spectra_tanimoto,0.55_1_ensemble4,chemprop,0.55,0
bbbp,spectra_tanimoto,0.55_2_ensemble4,chemprop,0.55,1
bbbp,spectra_tanimoto,0.60_0_ensemble4,chemprop,0.60,1
bbbp,spectra_tanimoto,0.60_1_ensemble4,chemprop,0.60,0.214285716414452
bbbp,spectra_tanimoto,0.60_2_ensemble4,chemprop,0.60,0
bbbp,spectra_tanimoto,0.65_0_ensemble4,chemprop,0.65,0.3125
bbbp,spectra_tanimoto,0.65_1_ensemble4,chemprop,0.65,0
bbbp,spectra_tanimoto,0.65_2_ensemble4,chemprop,0.65,0.25
bbbp,spectra_tanimoto,0.70_0_ensemble4,chemprop,0.70,0.375
bbbp,spectra_tanimoto,0.70_1_ensemble4,chemprop,0.70,0.555555582046509
bbbp,spectra_tanimoto,0.70_2_ensemble4,chemprop,0.70,0.5
bbbp,spectra_tanimoto,0.75_0_ensemble4,chemprop,0.75,0
bbbp,spectra_tanimoto,0.75_1_ensemble4,chemprop,0.75,0
bbbp,spectra_tanimoto,0.75_2_ensemble4,chemprop,0.75,0.600000023841858
bbbp,spectra_tanimoto,0.80_0_ensemble4,chemprop,0.80,NA
bbbp,spectra_tanimoto,0.80_1_ensemble4,chemprop,0.80,NA
bbbp,spectra_tanimoto,0.80_2_ensemble4,chemprop,0.80,NA
bbbp,spectra_tanimoto,0.85_0_ensemble4,chemprop,0.85,NA
bbbp,spectra_tanimoto,0.85_1_ensemble4,chemprop,0.85,NA
bbbp,spectra_tanimoto,0.85_2_ensemble4,chemprop,0.85,NA
bbbp,spectra_tanimoto,0.90_0_ensemble4,chemprop,0.90,NA
bbbp,spectra_tanimoto,0.90_1_ensemble4,chemprop,0.90,NA
bbbp,spectra_tanimoto,0.90_2_ensemble4,chemprop,0.90,NA
bbbp,spectra_tanimoto,0.95_0_ensemble4,chemprop,0.95,NA
bbbp,spectra_tanimoto,0.95_1_ensemble4,chemprop,0.95,NA
bbbp,spectra_tanimoto,0.95_2_ensemble4,chemprop,0.95,NA
bbbp,spectra_tanimoto,1.00_0_ensemble4,chemprop,1.00,NA
bbbp,spectra_tanimoto,0.00_0_ensemble5,chemprop,0.00,0.860580682754517
bbbp,spectra_tanimoto,0.00_1_ensemble5,chemprop,0.00,0.902049362659454
bbbp,spectra_tanimoto,0.00_2_ensemble5,chemprop,0.00,0.886040925979614
bbbp,spectra_tanimoto,0.05_0_ensemble5,chemprop,0.05,0.851884007453918
bbbp,spectra_tanimoto,0.05_1_ensemble5,chemprop,0.05,0.88405191898346
bbbp,spectra_tanimoto,0.05_2_ensemble5,chemprop,0.05,0.799700260162354
bbbp,spectra_tanimoto,0.10_0_ensemble5,chemprop,0.10,0.860860824584961
bbbp,spectra_tanimoto,0.10_1_ensemble5,chemprop,0.10,0.775640964508057
bbbp,spectra_tanimoto,0.10_2_ensemble5,chemprop,0.10,0.875555574893951
bbbp,spectra_tanimoto,0.15_0_ensemble5,chemprop,0.15,0.774999976158142
bbbp,spectra_tanimoto,0.15_1_ensemble5,chemprop,0.15,0.779111683368683
bbbp,spectra_tanimoto,0.15_2_ensemble5,chemprop,0.15,0.629999995231628
bbbp,spectra_tanimoto,0.20_0_ensemble5,chemprop,0.20,0.829741358757019
bbbp,spectra_tanimoto,0.20_1_ensemble5,chemprop,0.20,0.859374940395355
bbbp,spectra_tanimoto,0.20_2_ensemble5,chemprop,0.20,0.841145873069763
bbbp,spectra_tanimoto,0.25_0_ensemble5,chemprop,0.25,0.143518507480621
bbbp,spectra_tanimoto,0.25_1_ensemble5,chemprop,0.25,0.759090900421143
bbbp,spectra_tanimoto,0.25_2_ensemble5,chemprop,0.25,0.962962985038757
bbbp,spectra_tanimoto,0.30_0_ensemble5,chemprop,0.30,0.77999997138977
bbbp,spectra_tanimoto,0.30_1_ensemble5,chemprop,0.30,0.854545474052429
bbbp,spectra_tanimoto,0.30_2_ensemble5,chemprop,0.30,0.234567910432816
bbbp,spectra_tanimoto,0.35_0_ensemble5,chemprop,0.35,0.508771896362305
bbbp,spectra_tanimoto,0.35_1_ensemble5,chemprop,0.35,0.599999964237213
bbbp,spectra_tanimoto,0.35_2_ensemble5,chemprop,0.35,0.759615421295166
bbbp,spectra_tanimoto,0.40_0_ensemble5,chemprop,0.40,0.115384615957737
bbbp,spectra_tanimoto,0.40_1_ensemble5,chemprop,0.40,0.9375
bbbp,spectra_tanimoto,0.40_2_ensemble5,chemprop,0.40,0.952380955219269
bbbp,spectra_tanimoto,0.45_0_ensemble5,chemprop,0.45,0.958333373069763
bbbp,spectra_tanimoto,0.45_1_ensemble5,chemprop,0.45,0.75
bbbp,spectra_tanimoto,0.45_2_ensemble5,chemprop,0.45,0.379999965429306
bbbp,spectra_tanimoto,0.50_0_ensemble5,chemprop,0.50,0.59375
bbbp,spectra_tanimoto,0.50_1_ensemble5,chemprop,0.50,0.699999988079071
bbbp,spectra_tanimoto,0.50_2_ensemble5,chemprop,0.50,0.333333343267441
bbbp,spectra_tanimoto,0.55_0_ensemble5,chemprop,0.55,0.25
bbbp,spectra_tanimoto,0.55_1_ensemble5,chemprop,0.55,0
bbbp,spectra_tanimoto,0.55_2_ensemble5,chemprop,0.55,1
bbbp,spectra_tanimoto,0.60_0_ensemble5,chemprop,0.60,0
bbbp,spectra_tanimoto,0.60_1_ensemble5,chemprop,0.60,0.428571403026581
bbbp,spectra_tanimoto,0.60_2_ensemble5,chemprop,0.60,0.666666626930237
bbbp,spectra_tanimoto,0.65_0_ensemble5,chemprop,0.65,0.25
bbbp,spectra_tanimoto,0.65_1_ensemble5,chemprop,0.65,0
bbbp,spectra_tanimoto,0.65_2_ensemble5,chemprop,0.65,0.25
bbbp,spectra_tanimoto,0.70_0_ensemble5,chemprop,0.70,0.25
bbbp,spectra_tanimoto,0.70_1_ensemble5,chemprop,0.70,0.555555582046509
bbbp,spectra_tanimoto,0.70_2_ensemble5,chemprop,0.70,0.25
bbbp,spectra_tanimoto,0.75_0_ensemble5,chemprop,0.75,0
bbbp,spectra_tanimoto,0.75_1_ensemble5,chemprop,0.75,0
bbbp,spectra_tanimoto,0.75_2_ensemble5,chemprop,0.75,0.400000005960464
bbbp,spectra_tanimoto,0.80_0_ensemble5,chemprop,0.80,NA
bbbp,spectra_tanimoto,0.80_1_ensemble5,chemprop,0.80,NA
bbbp,spectra_tanimoto,0.80_2_ensemble5,chemprop,0.80,NA
bbbp,spectra_tanimoto,0.85_0_ensemble5,chemprop,0.85,NA
bbbp,spectra_tanimoto,0.85_1_ensemble5,chemprop,0.85,NA
bbbp,spectra_tanimoto,0.85_2_ensemble5,chemprop,0.85,NA
bbbp,spectra_tanimoto,0.90_0_ensemble5,chemprop,0.90,NA
bbbp,spectra_tanimoto,0.90_1_ensemble5,chemprop,0.90,NA
bbbp,spectra_tanimoto,0.90_2_ensemble5,chemprop,0.90,NA
bbbp,spectra_tanimoto,0.95_0_ensemble5,chemprop,0.95,NA
bbbp,spectra_tanimoto,0.95_1_ensemble5,chemprop,0.95,NA
bbbp,spectra_tanimoto,0.95_2_ensemble5,chemprop,0.95,NA
bbbp,spectra_tanimoto,1.00_0_ensemble5,chemprop,1.00,NA
clintox,random,1_ensemble1,chemprop,NA,0.846099495887756
clintox,random,2_ensemble1,chemprop,NA,0.863867998123169
clintox,random,3_ensemble1,chemprop,NA,0.923705697059631
clintox,random,4_ensemble1,chemprop,NA,0.854771435260772
clintox,random,5_ensemble1,chemprop,NA,0.84820407629013
clintox,random,1_ensemble2,chemprop,NA,0.787381172180175
clintox,random,2_ensemble2,chemprop,NA,0.791094064712524
clintox,random,3_ensemble2,chemprop,NA,0.947517395019531
clintox,random,4_ensemble2,chemprop,NA,0.852101802825927
clintox,random,5_ensemble2,chemprop,NA,0.805532455444335
clintox,random,1_ensemble3,chemprop,NA,0.826058387756347
clintox,random,2_ensemble3,chemprop,NA,0.871937751770019
clintox,random,3_ensemble3,chemprop,NA,0.949031174182891
clintox,random,4_ensemble3,chemprop,NA,0.899871528148651
clintox,random,5_ensemble3,chemprop,NA,0.850485563278198
clintox,random,1_ensemble4,chemprop,NA,0.592291235923767
clintox,random,2_ensemble4,chemprop,NA,0.890353202819824
clintox,random,3_ensemble4,chemprop,NA,0.960817754268646
clintox,random,4_ensemble4,chemprop,NA,0.873792290687561
clintox,random,5_ensemble4,chemprop,NA,0.82504916191101
clintox,random,1_ensemble5,chemprop,NA,0.744783997535705
clintox,random,2_ensemble5,chemprop,NA,0.886471986770629
clintox,random,3_ensemble5,chemprop,NA,0.928264200687408
clintox,random,4_ensemble5,chemprop,NA,0.850228607654571
clintox,random,5_ensemble5,chemprop,NA,0.888502240180969
clintox,scaffold,1_ensemble1,chemprop,NA,0.940520286560059
clintox,scaffold,2_ensemble1,chemprop,NA,0.896859288215637
clintox,scaffold,3_ensemble1,chemprop,NA,0.901196599006653
clintox,scaffold,4_ensemble1,chemprop,NA,0.903728127479553
clintox,scaffold,5_ensemble1,chemprop,NA,0.885273456573486
clintox,scaffold,1_ensemble2,chemprop,NA,0.898426413536072
clintox,scaffold,2_ensemble2,chemprop,NA,0.880253791809082
clintox,scaffold,3_ensemble2,chemprop,NA,0.888217389583588
clintox,scaffold,4_ensemble2,chemprop,NA,0.881144344806671
clintox,scaffold,5_ensemble2,chemprop,NA,0.870823323726654
clintox,scaffold,1_ensemble3,chemprop,NA,0.902415990829468
clintox,scaffold,2_ensemble3,chemprop,NA,0.852384328842163
clintox,scaffold,3_ensemble3,chemprop,NA,0.864437460899353
clintox,scaffold,4_ensemble3,chemprop,NA,0.889129638671875
clintox,scaffold,5_ensemble3,chemprop,NA,0.860436797142029
clintox,scaffold,1_ensemble4,chemprop,NA,0.900202572345734
clintox,scaffold,2_ensemble4,chemprop,NA,0.875038385391235
clintox,scaffold,3_ensemble4,chemprop,NA,0.953500211238861
clintox,scaffold,4_ensemble4,chemprop,NA,0.904109060764313
clintox,scaffold,5_ensemble4,chemprop,NA,0.889901757240295
clintox,scaffold,1_ensemble5,chemprop,NA,0.942426025867462
clintox,scaffold,2_ensemble5,chemprop,NA,0.870491325855255
clintox,scaffold,3_ensemble5,chemprop,NA,0.925205230712891
clintox,scaffold,4_ensemble5,chemprop,NA,0.880135297775269
clintox,scaffold,5_ensemble5,chemprop,NA,0.87626326084137
clintox,umap,1_ensemble1,chemprop,NA,0.96219003200531
clintox,umap,2_ensemble1,chemprop,NA,0.833924412727356
clintox,umap,3_ensemble1,chemprop,NA,0.879904747009277
clintox,umap,4_ensemble1,chemprop,NA,0.836342096328735
clintox,umap,5_ensemble1,chemprop,NA,0.865389347076416
clintox,umap,1_ensemble2,chemprop,NA,0.934751033782959
clintox,umap,2_ensemble2,chemprop,NA,0.842769145965576
clintox,umap,3_ensemble2,chemprop,NA,0.883557796478271
clintox,umap,4_ensemble2,chemprop,NA,0.82128232717514
clintox,umap,5_ensemble2,chemprop,NA,0.731508493423461
clintox,umap,1_ensemble3,chemprop,NA,0.938758134841919
clintox,umap,2_ensemble3,chemprop,NA,0.794254183769226
clintox,umap,3_ensemble3,chemprop,NA,0.918319106101989
clintox,umap,4_ensemble3,chemprop,NA,0.815161943435669
clintox,umap,5_ensemble3,chemprop,NA,0.803986072540283
clintox,umap,1_ensemble4,chemprop,NA,0.963056921958923
clintox,umap,2_ensemble4,chemprop,NA,0.797456204891204
clintox,umap,3_ensemble4,chemprop,NA,0.911306083202362
clintox,umap,4_ensemble4,chemprop,NA,0.838158965110778
clintox,umap,5_ensemble4,chemprop,NA,0.783360242843627
clintox,umap,1_ensemble5,chemprop,NA,0.935711443424224
clintox,umap,2_ensemble5,chemprop,NA,0.83154273033142
clintox,umap,3_ensemble5,chemprop,NA,0.914204835891723
clintox,umap,4_ensemble5,chemprop,NA,0.812083899974823
clintox,umap,5_ensemble5,chemprop,NA,0.796277046203613
clintox,spectra_tanimoto,0.00_0_ensemble1,chemprop,0.00,0.932469964027405
clintox,spectra_tanimoto,0.00_1_ensemble1,chemprop,0.00,0.854336738586426
clintox,spectra_tanimoto,0.00_2_ensemble1,chemprop,0.00,0.79469621181488
clintox,spectra_tanimoto,0.05_0_ensemble1,chemprop,0.05,0.865314960479736
clintox,spectra_tanimoto,0.05_1_ensemble1,chemprop,0.05,0.944875359535217
clintox,spectra_tanimoto,0.05_2_ensemble1,chemprop,0.05,0.926615953445435
clintox,spectra_tanimoto,0.10_0_ensemble1,chemprop,0.10,0.656410276889801
clintox,spectra_tanimoto,0.10_1_ensemble1,chemprop,0.10,0.421703279018402
clintox,spectra_tanimoto,0.10_2_ensemble1,chemprop,0.10,0.884868383407593
clintox,spectra_tanimoto,0.15_0_ensemble1,chemprop,0.15,0.551633954048157
clintox,spectra_tanimoto,0.15_1_ensemble1,chemprop,0.15,0.686506628990173
clintox,spectra_tanimoto,0.15_2_ensemble1,chemprop,0.15,0.777777791023254
clintox,spectra_tanimoto,0.20_0_ensemble1,chemprop,0.20,0.706140398979187
clintox,spectra_tanimoto,0.20_1_ensemble1,chemprop,0.20,0.409459471702576
clintox,spectra_tanimoto,0.20_2_ensemble1,chemprop,0.20,0.469956159591675
clintox,spectra_tanimoto,0.25_0_ensemble1,chemprop,0.25,1
clintox,spectra_tanimoto,0.25_1_ensemble1,chemprop,0.25,0.297311842441559
clintox,spectra_tanimoto,0.25_2_ensemble1,chemprop,0.25,0.050000011920929
clintox,spectra_tanimoto,0.30_0_ensemble1,chemprop,0.30,0.260869562625885
clintox,spectra_tanimoto,0.30_1_ensemble1,chemprop,0.30,0.184782609343529
clintox,spectra_tanimoto,0.30_2_ensemble1,chemprop,0.30,0.282608687877655
clintox,spectra_tanimoto,0.35_0_ensemble1,chemprop,0.35,0.736842155456543
clintox,spectra_tanimoto,0.35_1_ensemble1,chemprop,0.35,0
clintox,spectra_tanimoto,0.35_2_ensemble1,chemprop,0.35,0.263157904148102
clintox,spectra_tanimoto,0.40_0_ensemble1,chemprop,0.40,0.233333319425583
clintox,spectra_tanimoto,0.40_1_ensemble1,chemprop,0.40,0.5
clintox,spectra_tanimoto,0.40_2_ensemble1,chemprop,0.40,0.233333334326744
clintox,spectra_tanimoto,0.45_0_ensemble1,chemprop,0.45,0.0714285671710968
clintox,spectra_tanimoto,0.45_1_ensemble1,chemprop,0.45,0
clintox,spectra_tanimoto,0.45_2_ensemble1,chemprop,0.45,0.863636374473572
clintox,spectra_tanimoto,0.50_0_ensemble1,chemprop,0.50,0
clintox,spectra_tanimoto,0.50_1_ensemble1,chemprop,0.50,0
clintox,spectra_tanimoto,0.50_2_ensemble1,chemprop,0.50,1
clintox,spectra_tanimoto,0.55_0_ensemble1,chemprop,0.55,0
clintox,spectra_tanimoto,0.55_1_ensemble1,chemprop,0.55,0
clintox,spectra_tanimoto,0.55_2_ensemble1,chemprop,0.55,0
clintox,spectra_tanimoto,0.60_0_ensemble1,chemprop,0.60,0
clintox,spectra_tanimoto,0.60_1_ensemble1,chemprop,0.60,0
clintox,spectra_tanimoto,0.60_2_ensemble1,chemprop,0.60,0.25
clintox,spectra_tanimoto,0.65_0_ensemble1,chemprop,0.65,0
clintox,spectra_tanimoto,0.65_1_ensemble1,chemprop,0.65,0
clintox,spectra_tanimoto,0.65_2_ensemble1,chemprop,0.65,0
clintox,spectra_tanimoto,0.70_0_ensemble1,chemprop,0.70,0
clintox,spectra_tanimoto,0.70_1_ensemble1,chemprop,0.70,0
clintox,spectra_tanimoto,0.70_2_ensemble1,chemprop,0.70,1
clintox,spectra_tanimoto,0.75_0_ensemble1,chemprop,0.75,1
clintox,spectra_tanimoto,0.75_1_ensemble1,chemprop,0.75,0
clintox,spectra_tanimoto,0.75_2_ensemble1,chemprop,0.75,0
clintox,spectra_tanimoto,0.80_0_ensemble1,chemprop,0.80,NA
clintox,spectra_tanimoto,0.80_1_ensemble1,chemprop,0.80,0
clintox,spectra_tanimoto,0.80_2_ensemble1,chemprop,0.80,NA
clintox,spectra_tanimoto,0.85_0_ensemble1,chemprop,0.85,NA
clintox,spectra_tanimoto,0.85_1_ensemble1,chemprop,0.85,NA
clintox,spectra_tanimoto,0.85_2_ensemble1,chemprop,0.85,NA
clintox,spectra_tanimoto,0.00_0_ensemble2,chemprop,0.00,0.928572416305542
clintox,spectra_tanimoto,0.00_1_ensemble2,chemprop,0.00,0.93401163816452
clintox,spectra_tanimoto,0.00_2_ensemble2,chemprop,0.00,0.779618859291077
clintox,spectra_tanimoto,0.05_0_ensemble2,chemprop,0.05,0.864732146263123
clintox,spectra_tanimoto,0.05_1_ensemble2,chemprop,0.05,0.884173095226288
clintox,spectra_tanimoto,0.05_2_ensemble2,chemprop,0.05,0.857508420944214
clintox,spectra_tanimoto,0.10_0_ensemble2,chemprop,0.10,0.602747201919556
clintox,spectra_tanimoto,0.10_1_ensemble2,chemprop,0.10,0.894688725471497
clintox,spectra_tanimoto,0.10_2_ensemble2,chemprop,0.10,0.875
clintox,spectra_tanimoto,0.15_0_ensemble2,chemprop,0.15,0.66217315196991
clintox,spectra_tanimoto,0.15_1_ensemble2,chemprop,0.15,0.656432271003723
clintox,spectra_tanimoto,0.15_2_ensemble2,chemprop,0.15,0.759259283542633
clintox,spectra_tanimoto,0.20_0_ensemble2,chemprop,0.20,0.399122804403305
clintox,spectra_tanimoto,0.20_1_ensemble2,chemprop,0.20,0.177863582968712
clintox,spectra_tanimoto,0.20_2_ensemble2,chemprop,0.20,0.632675409317017
clintox,spectra_tanimoto,0.25_0_ensemble2,chemprop,0.25,1
clintox,spectra_tanimoto,0.25_1_ensemble2,chemprop,0.25,0.346236526966095
clintox,spectra_tanimoto,0.25_2_ensemble2,chemprop,0.25,0.483333349227905
clintox,spectra_tanimoto,0.30_0_ensemble2,chemprop,0.30,0.304347813129425
clintox,spectra_tanimoto,0.30_1_ensemble2,chemprop,0.30,0.184782609343529
clintox,spectra_tanimoto,0.30_2_ensemble2,chemprop,0.30,0.260869562625885
clintox,spectra_tanimoto,0.35_0_ensemble2,chemprop,0.35,0.631578922271729
clintox,spectra_tanimoto,0.35_1_ensemble2,chemprop,0.35,0
clintox,spectra_tanimoto,0.35_2_ensemble2,chemprop,0.35,0.144736841320992
clintox,spectra_tanimoto,0.40_0_ensemble2,chemprop,0.40,0.133333325386047
clintox,spectra_tanimoto,0.40_1_ensemble2,chemprop,0.40,0.5
clintox,spectra_tanimoto,0.40_2_ensemble2,chemprop,0.40,0.399999976158142
clintox,spectra_tanimoto,0.45_0_ensemble2,chemprop,0.45,0.0714285671710968
clintox,spectra_tanimoto,0.45_1_ensemble2,chemprop,0.45,0
clintox,spectra_tanimoto,0.45_2_ensemble2,chemprop,0.45,0.863636374473572
clintox,spectra_tanimoto,0.50_0_ensemble2,chemprop,0.50,0
clintox,spectra_tanimoto,0.50_1_ensemble2,chemprop,0.50,0
clintox,spectra_tanimoto,0.50_2_ensemble2,chemprop,0.50,1
clintox,spectra_tanimoto,0.55_0_ensemble2,chemprop,0.55,0
clintox,spectra_tanimoto,0.55_1_ensemble2,chemprop,0.55,0
clintox,spectra_tanimoto,0.55_2_ensemble2,chemprop,0.55,0
clintox,spectra_tanimoto,0.60_0_ensemble2,chemprop,0.60,0
clintox,spectra_tanimoto,0.60_1_ensemble2,chemprop,0.60,0
clintox,spectra_tanimoto,0.60_2_ensemble2,chemprop,0.60,0.25
clintox,spectra_tanimoto,0.65_0_ensemble2,chemprop,0.65,0
clintox,spectra_tanimoto,0.65_1_ensemble2,chemprop,0.65,0
clintox,spectra_tanimoto,0.65_2_ensemble2,chemprop,0.65,0
clintox,spectra_tanimoto,0.70_0_ensemble2,chemprop,0.70,0
clintox,spectra_tanimoto,0.70_1_ensemble2,chemprop,0.70,NA
clintox,spectra_tanimoto,0.70_2_ensemble2,chemprop,0.70,1
clintox,spectra_tanimoto,0.75_0_ensemble2,chemprop,0.75,1
clintox,spectra_tanimoto,0.75_1_ensemble2,chemprop,0.75,0
clintox,spectra_tanimoto,0.75_2_ensemble2,chemprop,0.75,0
clintox,spectra_tanimoto,0.80_0_ensemble2,chemprop,0.80,NA
clintox,spectra_tanimoto,0.80_1_ensemble2,chemprop,0.80,NA
clintox,spectra_tanimoto,0.80_2_ensemble2,chemprop,0.80,NA
clintox,spectra_tanimoto,0.85_0_ensemble2,chemprop,0.85,NA
clintox,spectra_tanimoto,0.85_1_ensemble2,chemprop,0.85,NA
clintox,spectra_tanimoto,0.85_2_ensemble2,chemprop,0.85,NA
clintox,spectra_tanimoto,0.00_0_ensemble3,chemprop,0.00,0.944808304309845
clintox,spectra_tanimoto,0.00_1_ensemble3,chemprop,0.00,0.892352879047394
clintox,spectra_tanimoto,0.00_2_ensemble3,chemprop,0.00,0.857911109924316
clintox,spectra_tanimoto,0.05_0_ensemble3,chemprop,0.05,0.872532248497009
clintox,spectra_tanimoto,0.05_1_ensemble3,chemprop,0.05,0.942929983139038
clintox,spectra_tanimoto,0.05_2_ensemble3,chemprop,0.05,0.917554140090942
clintox,spectra_tanimoto,0.10_0_ensemble3,chemprop,0.10,0.583433210849762
clintox,spectra_tanimoto,0.10_1_ensemble3,chemprop,0.10,0.501373648643494
clintox,spectra_tanimoto,0.10_2_ensemble3,chemprop,0.10,0.865131616592407
clintox,spectra_tanimoto,0.15_0_ensemble3,chemprop,0.15,0.560669898986816
clintox,spectra_tanimoto,0.15_1_ensemble3,chemprop,0.15,0.680560350418091
clintox,spectra_tanimoto,0.15_2_ensemble3,chemprop,0.15,0.70370364189148
clintox,spectra_tanimoto,0.20_0_ensemble3,chemprop,0.20,0.75
clintox,spectra_tanimoto,0.20_1_ensemble3,chemprop,0.20,0.626769661903381
clintox,spectra_tanimoto,0.20_2_ensemble3,chemprop,0.20,0.653947353363037
clintox,spectra_tanimoto,0.25_0_ensemble3,chemprop,0.25,1
clintox,spectra_tanimoto,0.25_1_ensemble3,chemprop,0.25,0.297311842441559
clintox,spectra_tanimoto,0.25_2_ensemble3,chemprop,0.25,0.416666656732559
clintox,spectra_tanimoto,0.30_0_ensemble3,chemprop,0.30,0.260869562625885
clintox,spectra_tanimoto,0.30_1_ensemble3,chemprop,0.30,0.108695641160011
clintox,spectra_tanimoto,0.30_2_ensemble3,chemprop,0.30,0.304347813129425
clintox,spectra_tanimoto,0.35_0_ensemble3,chemprop,0.35,0.684210538864136
clintox,spectra_tanimoto,0.35_1_ensemble3,chemprop,0.35,0
clintox,spectra_tanimoto,0.35_2_ensemble3,chemprop,0.35,0.131578952074051
clintox,spectra_tanimoto,0.40_0_ensemble3,chemprop,0.40,0.233333319425583
clintox,spectra_tanimoto,0.40_1_ensemble3,chemprop,0.40,0.3125
clintox,spectra_tanimoto,0.40_2_ensemble3,chemprop,0.40,0.533333301544189
clintox,spectra_tanimoto,0.45_0_ensemble3,chemprop,0.45,0.0714285671710968
clintox,spectra_tanimoto,0.45_1_ensemble3,chemprop,0.45,0
clintox,spectra_tanimoto,0.45_2_ensemble3,chemprop,0.45,0.863636374473572
clintox,spectra_tanimoto,0.50_0_ensemble3,chemprop,0.50,0
clintox,spectra_tanimoto,0.50_1_ensemble3,chemprop,0.50,0
clintox,spectra_tanimoto,0.50_2_ensemble3,chemprop,0.50,1
clintox,spectra_tanimoto,0.55_0_ensemble3,chemprop,0.55,0
clintox,spectra_tanimoto,0.55_1_ensemble3,chemprop,0.55,0
clintox,spectra_tanimoto,0.55_2_ensemble3,chemprop,0.55,0
clintox,spectra_tanimoto,0.60_0_ensemble3,chemprop,0.60,0
clintox,spectra_tanimoto,0.60_1_ensemble3,chemprop,0.60,0
clintox,spectra_tanimoto,0.60_2_ensemble3,chemprop,0.60,0.25
clintox,spectra_tanimoto,0.65_0_ensemble3,chemprop,0.65,0
clintox,spectra_tanimoto,0.65_1_ensemble3,chemprop,0.65,0
clintox,spectra_tanimoto,0.65_2_ensemble3,chemprop,0.65,0
clintox,spectra_tanimoto,0.70_0_ensemble3,chemprop,0.70,NA
clintox,spectra_tanimoto,0.70_1_ensemble3,chemprop,0.70,NA
clintox,spectra_tanimoto,0.70_2_ensemble3,chemprop,0.70,1
clintox,spectra_tanimoto,0.75_0_ensemble3,chemprop,0.75,1
clintox,spectra_tanimoto,0.75_1_ensemble3,chemprop,0.75,0
clintox,spectra_tanimoto,0.75_2_ensemble3,chemprop,0.75,0
clintox,spectra_tanimoto,0.80_0_ensemble3,chemprop,0.80,NA
clintox,spectra_tanimoto,0.80_1_ensemble3,chemprop,0.80,NA
clintox,spectra_tanimoto,0.80_2_ensemble3,chemprop,0.80,NA
clintox,spectra_tanimoto,0.85_0_ensemble3,chemprop,0.85,NA
clintox,spectra_tanimoto,0.85_1_ensemble3,chemprop,0.85,NA
clintox,spectra_tanimoto,0.85_2_ensemble3,chemprop,0.85,NA
clintox,spectra_tanimoto,0.00_0_ensemble4,chemprop,0.00,0.95041435956955
clintox,spectra_tanimoto,0.00_1_ensemble4,chemprop,0.00,0.928181409835815
clintox,spectra_tanimoto,0.00_2_ensemble4,chemprop,0.00,0.918589413166046
clintox,spectra_tanimoto,0.05_0_ensemble4,chemprop,0.05,0.864186525344849
clintox,spectra_tanimoto,0.05_1_ensemble4,chemprop,0.05,0.829467117786407
clintox,spectra_tanimoto,0.05_2_ensemble4,chemprop,0.05,0.899673402309418
clintox,spectra_tanimoto,0.10_0_ensemble4,chemprop,0.10,0.559024333953857
clintox,spectra_tanimoto,0.10_1_ensemble4,chemprop,0.10,0.459706962108612
clintox,spectra_tanimoto,0.10_2_ensemble4,chemprop,0.10,0.825657904148102
clintox,spectra_tanimoto,0.15_0_ensemble4,chemprop,0.15,0.562777757644653
clintox,spectra_tanimoto,0.15_1_ensemble4,chemprop,0.15,0.624985694885254
clintox,spectra_tanimoto,0.15_2_ensemble4,chemprop,0.15,0.796296298503876
clintox,spectra_tanimoto,0.20_0_ensemble4,chemprop,0.20,0.385964870452881
clintox,spectra_tanimoto,0.20_1_ensemble4,chemprop,0.20,0.202895745635033
clintox,spectra_tanimoto,0.20_2_ensemble4,chemprop,0.20,0.530701756477356
clintox,spectra_tanimoto,0.25_0_ensemble4,chemprop,0.25,1
clintox,spectra_tanimoto,0.25_1_ensemble4,chemprop,0.25,0.337903201580048
clintox,spectra_tanimoto,0.25_2_ensemble4,chemprop,0.25,0.433333337306976
clintox,spectra_tanimoto,0.30_0_ensemble4,chemprop,0.30,0.173913061618805
clintox,spectra_tanimoto,0.30_1_ensemble4,chemprop,0.30,0.184782609343529
clintox,spectra_tanimoto,0.30_2_ensemble4,chemprop,0.30,0.347826093435287
clintox,spectra_tanimoto,0.35_0_ensemble4,chemprop,0.35,0.526315808296204
clintox,spectra_tanimoto,0.35_1_ensemble4,chemprop,0.35,0
clintox,spectra_tanimoto,0.35_2_ensemble4,chemprop,0.35,0.171052619814873
clintox,spectra_tanimoto,0.40_0_ensemble4,chemprop,0.40,0.266666650772095
clintox,spectra_tanimoto,0.40_1_ensemble4,chemprop,0.40,0.5
clintox,spectra_tanimoto,0.40_2_ensemble4,chemprop,0.40,0.533333301544189
clintox,spectra_tanimoto,0.45_0_ensemble4,chemprop,0.45,0.0714285671710968
clintox,spectra_tanimoto,0.45_1_ensemble4,chemprop,0.45,0
clintox,spectra_tanimoto,0.45_2_ensemble4,chemprop,0.45,0.863636374473572
clintox,spectra_tanimoto,0.50_0_ensemble4,chemprop,0.50,0
clintox,spectra_tanimoto,0.50_1_ensemble4,chemprop,0.50,0
clintox,spectra_tanimoto,0.50_2_ensemble4,chemprop,0.50,1
clintox,spectra_tanimoto,0.55_0_ensemble4,chemprop,0.55,0
clintox,spectra_tanimoto,0.55_1_ensemble4,chemprop,0.55,0
clintox,spectra_tanimoto,0.55_2_ensemble4,chemprop,0.55,0
clintox,spectra_tanimoto,0.60_0_ensemble4,chemprop,0.60,0
clintox,spectra_tanimoto,0.60_1_ensemble4,chemprop,0.60,0
clintox,spectra_tanimoto,0.60_2_ensemble4,chemprop,0.60,0.125
clintox,spectra_tanimoto,0.65_0_ensemble4,chemprop,0.65,0
clintox,spectra_tanimoto,0.65_1_ensemble4,chemprop,0.65,0
clintox,spectra_tanimoto,0.65_2_ensemble4,chemprop,0.65,0
clintox,spectra_tanimoto,0.70_0_ensemble4,chemprop,0.70,NA
clintox,spectra_tanimoto,0.70_1_ensemble4,chemprop,0.70,NA
clintox,spectra_tanimoto,0.70_2_ensemble4,chemprop,0.70,1
clintox,spectra_tanimoto,0.75_0_ensemble4,chemprop,0.75,1
clintox,spectra_tanimoto,0.75_1_ensemble4,chemprop,0.75,0
clintox,spectra_tanimoto,0.75_2_ensemble4,chemprop,0.75,0
clintox,spectra_tanimoto,0.80_0_ensemble4,chemprop,0.80,NA
clintox,spectra_tanimoto,0.80_1_ensemble4,chemprop,0.80,NA
clintox,spectra_tanimoto,0.80_2_ensemble4,chemprop,0.80,NA
clintox,spectra_tanimoto,0.85_0_ensemble4,chemprop,0.85,NA
clintox,spectra_tanimoto,0.85_1_ensemble4,chemprop,0.85,NA
clintox,spectra_tanimoto,0.85_2_ensemble4,chemprop,0.85,NA
clintox,spectra_tanimoto,0.00_0_ensemble5,chemprop,0.00,0.938753604888916
clintox,spectra_tanimoto,0.00_1_ensemble5,chemprop,0.00,0.926661372184753
clintox,spectra_tanimoto,0.00_2_ensemble5,chemprop,0.00,0.909810543060303
clintox,spectra_tanimoto,0.05_0_ensemble5,chemprop,0.05,0.896304607391357
clintox,spectra_tanimoto,0.05_1_ensemble5,chemprop,0.05,0.955956935882568
clintox,spectra_tanimoto,0.05_2_ensemble5,chemprop,0.05,0.905309438705444
clintox,spectra_tanimoto,0.10_0_ensemble5,chemprop,0.10,0.547485828399658
clintox,spectra_tanimoto,0.10_1_ensemble5,chemprop,0.10,0.654761910438538
clintox,spectra_tanimoto,0.10_2_ensemble5,chemprop,0.10,0.828947424888611
clintox,spectra_tanimoto,0.15_0_ensemble5,chemprop,0.15,0.607189536094666
clintox,spectra_tanimoto,0.15_1_ensemble5,chemprop,0.15,0.665523171424866
clintox,spectra_tanimoto,0.15_2_ensemble5,chemprop,0.15,0.555555582046509
clintox,spectra_tanimoto,0.20_0_ensemble5,chemprop,0.20,0.776315808296204
clintox,spectra_tanimoto,0.20_1_ensemble5,chemprop,0.20,0.1949163377285
clintox,spectra_tanimoto,0.20_2_ensemble5,chemprop,0.20,0.471271961927414
clintox,spectra_tanimoto,0.25_0_ensemble5,chemprop,0.25,1
clintox,spectra_tanimoto,0.25_1_ensemble5,chemprop,0.25,0.329569876194
clintox,spectra_tanimoto,0.25_2_ensemble5,chemprop,0.25,0.316666662693024
clintox,spectra_tanimoto,0.30_0_ensemble5,chemprop,0.30,0.260869562625885
clintox,spectra_tanimoto,0.30_1_ensemble5,chemprop,0.30,0.108695641160011
clintox,spectra_tanimoto,0.30_2_ensemble5,chemprop,0.30,0.173913046717644
clintox,spectra_tanimoto,0.35_0_ensemble5,chemprop,0.35,0.684210538864136
clintox,spectra_tanimoto,0.35_1_ensemble5,chemprop,0.35,0
clintox,spectra_tanimoto,0.35_2_ensemble5,chemprop,0.35,0.105263166129589
clintox,spectra_tanimoto,0.40_0_ensemble5,chemprop,0.40,0.233333319425583
clintox,spectra_tanimoto,0.40_1_ensemble5,chemprop,0.40,0.3125
clintox,spectra_tanimoto,0.40_2_ensemble5,chemprop,0.40,0.199999988079071
clintox,spectra_tanimoto,0.45_0_ensemble5,chemprop,0.45,0.0714285671710968
clintox,spectra_tanimoto,0.45_1_ensemble5,chemprop,0.45,0
clintox,spectra_tanimoto,0.45_2_ensemble5,chemprop,0.45,0.863636374473572
clintox,spectra_tanimoto,0.50_0_ensemble5,chemprop,0.50,0
clintox,spectra_tanimoto,0.50_1_ensemble5,chemprop,0.50,0
clintox,spectra_tanimoto,0.50_2_ensemble5,chemprop,0.50,1
clintox,spectra_tanimoto,0.55_0_ensemble5,chemprop,0.55,0
clintox,spectra_tanimoto,0.55_1_ensemble5,chemprop,0.55,0
clintox,spectra_tanimoto,0.55_2_ensemble5,chemprop,0.55,0
clintox,spectra_tanimoto,0.60_0_ensemble5,chemprop,0.60,0
clintox,spectra_tanimoto,0.60_1_ensemble5,chemprop,0.60,0
clintox,spectra_tanimoto,0.60_2_ensemble5,chemprop,0.60,0.25
clintox,spectra_tanimoto,0.65_0_ensemble5,chemprop,0.65,0
clintox,spectra_tanimoto,0.65_1_ensemble5,chemprop,0.65,0
clintox,spectra_tanimoto,0.65_2_ensemble5,chemprop,0.65,0
clintox,spectra_tanimoto,0.70_0_ensemble5,chemprop,0.70,NA
clintox,spectra_tanimoto,0.70_1_ensemble5,chemprop,0.70,NA
clintox,spectra_tanimoto,0.70_2_ensemble5,chemprop,0.70,1
clintox,spectra_tanimoto,0.75_0_ensemble5,chemprop,0.75,1
clintox,spectra_tanimoto,0.75_1_ensemble5,chemprop,0.75,0
clintox,spectra_tanimoto,0.75_2_ensemble5,chemprop,0.75,0
clintox,spectra_tanimoto,0.80_0_ensemble5,chemprop,0.80,NA
clintox,spectra_tanimoto,0.80_1_ensemble5,chemprop,0.80,NA
clintox,spectra_tanimoto,0.80_2_ensemble5,chemprop,0.80,NA
clintox,spectra_tanimoto,0.85_0_ensemble5,chemprop,0.85,NA
clintox,spectra_tanimoto,0.85_1_ensemble5,chemprop,0.85,NA
clintox,spectra_tanimoto,0.85_2_ensemble5,chemprop,0.85,NA
delaney,random,1_ensemble1,chemprop,NA,0.606215178966522
delaney,random,2_ensemble1,chemprop,NA,0.661792814731597
delaney,random,3_ensemble1,chemprop,NA,0.612782478332519
delaney,random,4_ensemble1,chemprop,NA,0.641755640506744
delaney,random,5_ensemble1,chemprop,NA,0.702370047569274
delaney,random,1_ensemble2,chemprop,NA,0.610891699790954
delaney,random,2_ensemble2,chemprop,NA,0.718581974506378
delaney,random,3_ensemble2,chemprop,NA,0.656480610370636
delaney,random,4_ensemble2,chemprop,NA,0.668700218200683
delaney,random,5_ensemble2,chemprop,NA,0.686686933040618
delaney,random,1_ensemble3,chemprop,NA,0.55745506286621
delaney,random,2_ensemble3,chemprop,NA,0.661212682723999
delaney,random,3_ensemble3,chemprop,NA,0.60885202884674
delaney,random,4_ensemble3,chemprop,NA,0.589997291564941
delaney,random,5_ensemble3,chemprop,NA,0.702674210071563
delaney,random,1_ensemble4,chemprop,NA,0.561741352081298
delaney,random,2_ensemble4,chemprop,NA,0.679292261600494
delaney,random,3_ensemble4,chemprop,NA,0.676479518413543
delaney,random,4_ensemble4,chemprop,NA,0.592821657657623
delaney,random,5_ensemble4,chemprop,NA,0.717712044715881
delaney,random,1_ensemble5,chemprop,NA,0.659448206424713
delaney,random,2_ensemble5,chemprop,NA,0.666087210178375
delaney,random,3_ensemble5,chemprop,NA,0.638731062412262
delaney,random,4_ensemble5,chemprop,NA,0.633919179439544
delaney,random,5_ensemble5,chemprop,NA,0.705290496349334
delaney,scaffold,1_ensemble1,chemprop,NA,0.825169563293457
delaney,scaffold,2_ensemble1,chemprop,NA,0.793773472309113
delaney,scaffold,3_ensemble1,chemprop,NA,0.825565934181213
delaney,scaffold,4_ensemble1,chemprop,NA,0.826921939849854
delaney,scaffold,5_ensemble1,chemprop,NA,0.85204690694809
delaney,scaffold,1_ensemble2,chemprop,NA,0.779633581638336
delaney,scaffold,2_ensemble2,chemprop,NA,0.801019549369812
delaney,scaffold,3_ensemble2,chemprop,NA,0.804432392120361
delaney,scaffold,4_ensemble2,chemprop,NA,0.843832194805145
delaney,scaffold,5_ensemble2,chemprop,NA,0.857535600662231
delaney,scaffold,1_ensemble3,chemprop,NA,0.786424934864044
delaney,scaffold,2_ensemble3,chemprop,NA,0.809830486774445
delaney,scaffold,3_ensemble3,chemprop,NA,0.793138027191162
delaney,scaffold,4_ensemble3,chemprop,NA,0.863732278347015
delaney,scaffold,5_ensemble3,chemprop,NA,0.846943616867065
delaney,scaffold,1_ensemble4,chemprop,NA,0.789710521697998
delaney,scaffold,2_ensemble4,chemprop,NA,0.832825064659119
delaney,scaffold,3_ensemble4,chemprop,NA,0.823332786560059
delaney,scaffold,4_ensemble4,chemprop,NA,0.88214761018753
delaney,scaffold,5_ensemble4,chemprop,NA,0.860115230083466
delaney,scaffold,1_ensemble5,chemprop,NA,0.807240962982178
delaney,scaffold,2_ensemble5,chemprop,NA,0.812092959880829
delaney,scaffold,3_ensemble5,chemprop,NA,0.791776716709137
delaney,scaffold,4_ensemble5,chemprop,NA,0.865713238716125
delaney,scaffold,5_ensemble5,chemprop,NA,0.832286059856415
delaney,umap,1_ensemble1,chemprop,NA,1.05665719509124
delaney,umap,2_ensemble1,chemprop,NA,0.856148898601532
delaney,umap,3_ensemble1,chemprop,NA,0.807487487792968
delaney,umap,4_ensemble1,chemprop,NA,0.589417576789856
delaney,umap,5_ensemble1,chemprop,NA,0.835781991481781
delaney,umap,1_ensemble2,chemprop,NA,0.981172680854797
delaney,umap,2_ensemble2,chemprop,NA,0.814960420131683
delaney,umap,3_ensemble2,chemprop,NA,0.948227763175964
delaney,umap,4_ensemble2,chemprop,NA,0.574033915996551
delaney,umap,5_ensemble2,chemprop,NA,0.810208141803741
delaney,umap,1_ensemble3,chemprop,NA,1.01336908340454
delaney,umap,2_ensemble3,chemprop,NA,0.82881224155426
delaney,umap,3_ensemble3,chemprop,NA,0.916965126991272
delaney,umap,4_ensemble3,chemprop,NA,0.621269583702087
delaney,umap,5_ensemble3,chemprop,NA,0.782696723937988
delaney,umap,1_ensemble4,chemprop,NA,1.10413372516632
delaney,umap,2_ensemble4,chemprop,NA,0.79977536201477
delaney,umap,3_ensemble4,chemprop,NA,0.872896015644073
delaney,umap,4_ensemble4,chemprop,NA,0.594747006893158
delaney,umap,5_ensemble4,chemprop,NA,0.879001200199127
delaney,umap,1_ensemble5,chemprop,NA,0.957442283630371
delaney,umap,2_ensemble5,chemprop,NA,0.858518600463867
delaney,umap,3_ensemble5,chemprop,NA,0.804463684558868
delaney,umap,4_ensemble5,chemprop,NA,0.604683578014373
delaney,umap,5_ensemble5,chemprop,NA,0.805492579936981
delaney,spectra_tanimoto,0.00_0_ensemble1,chemprop,0.00,0.576604008674622
delaney,spectra_tanimoto,0.00_1_ensemble1,chemprop,0.00,0.702384948730469
delaney,spectra_tanimoto,0.00_2_ensemble1,chemprop,0.00,0.677030503749847
delaney,spectra_tanimoto,0.05_0_ensemble1,chemprop,0.05,0.64763593673706
delaney,spectra_tanimoto,0.05_1_ensemble1,chemprop,0.05,0.677820026874542
delaney,spectra_tanimoto,0.05_2_ensemble1,chemprop,0.05,1.23566448688507
delaney,spectra_tanimoto,0.10_0_ensemble1,chemprop,0.10,1.92434453964233
delaney,spectra_tanimoto,0.10_1_ensemble1,chemprop,0.10,0.841374933719635
delaney,spectra_tanimoto,0.10_2_ensemble1,chemprop,0.10,0.775749623775482
delaney,spectra_tanimoto,0.15_0_ensemble1,chemprop,0.15,1.16169667243958
delaney,spectra_tanimoto,0.15_1_ensemble1,chemprop,0.15,0.939112901687622
delaney,spectra_tanimoto,0.15_2_ensemble1,chemprop,0.15,2.03008651733398
delaney,spectra_tanimoto,0.20_0_ensemble1,chemprop,0.20,0.958710849285126
delaney,spectra_tanimoto,0.20_1_ensemble1,chemprop,0.20,1.54125690460205
delaney,spectra_tanimoto,0.20_2_ensemble1,chemprop,0.20,1.37592494487762
delaney,spectra_tanimoto,0.25_0_ensemble1,chemprop,0.25,2.56397390365601
delaney,spectra_tanimoto,0.25_1_ensemble1,chemprop,0.25,1.20509231090546
delaney,spectra_tanimoto,0.25_2_ensemble1,chemprop,0.25,1.50472617149353
delaney,spectra_tanimoto,0.30_0_ensemble1,chemprop,0.30,2.17101383209229
delaney,spectra_tanimoto,0.30_1_ensemble1,chemprop,0.30,1.70724868774414
delaney,spectra_tanimoto,0.30_2_ensemble1,chemprop,0.30,2.3284912109375
delaney,spectra_tanimoto,0.35_0_ensemble1,chemprop,0.35,1.22130453586578
delaney,spectra_tanimoto,0.35_1_ensemble1,chemprop,0.35,2.11137986183167
delaney,spectra_tanimoto,0.35_2_ensemble1,chemprop,0.35,1.42172956466675
delaney,spectra_tanimoto,0.40_0_ensemble1,chemprop,0.40,1.92115390300751
delaney,spectra_tanimoto,0.40_1_ensemble1,chemprop,0.40,1.51318740844727
delaney,spectra_tanimoto,0.40_2_ensemble1,chemprop,0.40,3.38145542144775
delaney,spectra_tanimoto,0.45_0_ensemble1,chemprop,0.45,1.26349794864655
delaney,spectra_tanimoto,0.45_1_ensemble1,chemprop,0.45,1.10194838047028
delaney,spectra_tanimoto,0.45_2_ensemble1,chemprop,0.45,1.64456188678741
delaney,spectra_tanimoto,0.50_0_ensemble1,chemprop,0.50,1.93285155296326
delaney,spectra_tanimoto,0.50_1_ensemble1,chemprop,0.50,1.22537660598755
delaney,spectra_tanimoto,0.50_2_ensemble1,chemprop,0.50,2.21681380271912
delaney,spectra_tanimoto,0.55_0_ensemble1,chemprop,0.55,1.63492143154144
delaney,spectra_tanimoto,0.55_1_ensemble1,chemprop,0.55,1.34217000007629
delaney,spectra_tanimoto,0.55_2_ensemble1,chemprop,0.55,1.64750444889069
delaney,spectra_tanimoto,0.60_0_ensemble1,chemprop,0.60,2.01583480834961
delaney,spectra_tanimoto,0.60_1_ensemble1,chemprop,0.60,1.77016961574554
delaney,spectra_tanimoto,0.60_2_ensemble1,chemprop,0.60,2.0228807926178
delaney,spectra_tanimoto,0.65_0_ensemble1,chemprop,0.65,NA
delaney,spectra_tanimoto,0.65_1_ensemble1,chemprop,0.65,NA
delaney,spectra_tanimoto,0.65_2_ensemble1,chemprop,0.65,1.74159824848175
delaney,spectra_tanimoto,0.70_0_ensemble1,chemprop,0.70,NA
delaney,spectra_tanimoto,0.70_1_ensemble1,chemprop,0.70,NA
delaney,spectra_tanimoto,0.70_2_ensemble1,chemprop,0.70,NA
delaney,spectra_tanimoto,0.75_0_ensemble1,chemprop,0.75,NA
delaney,spectra_tanimoto,0.75_1_ensemble1,chemprop,0.75,NA
delaney,spectra_tanimoto,0.75_2_ensemble1,chemprop,0.75,NA
delaney,spectra_tanimoto,0.80_0_ensemble1,chemprop,0.80,NA
delaney,spectra_tanimoto,0.80_1_ensemble1,chemprop,0.80,NA
delaney,spectra_tanimoto,0.80_2_ensemble1,chemprop,0.80,NA
delaney,spectra_tanimoto,0.85_0_ensemble1,chemprop,0.85,NA
delaney,spectra_tanimoto,0.85_1_ensemble1,chemprop,0.85,NA
delaney,spectra_tanimoto,0.85_2_ensemble1,chemprop,0.85,NA
delaney,spectra_tanimoto,0.90_0_ensemble1,chemprop,0.90,NA
delaney,spectra_tanimoto,0.90_1_ensemble1,chemprop,0.90,NA
delaney,spectra_tanimoto,0.90_2_ensemble1,chemprop,0.90,NA
delaney,spectra_tanimoto,0.95_0_ensemble1,chemprop,0.95,NA
delaney,spectra_tanimoto,0.95_1_ensemble1,chemprop,0.95,NA
delaney,spectra_tanimoto,0.95_2_ensemble1,chemprop,0.95,NA
delaney,spectra_tanimoto,1.00_0_ensemble1,chemprop,1.00,NA
delaney,spectra_tanimoto,1.00_1_ensemble1,chemprop,1.00,NA
delaney,spectra_tanimoto,1.00_2_ensemble1,chemprop,1.00,NA
delaney,spectra_tanimoto,0.00_0_ensemble2,chemprop,0.00,0.574620008468628
delaney,spectra_tanimoto,0.00_1_ensemble2,chemprop,0.00,0.597769856452942
delaney,spectra_tanimoto,0.00_2_ensemble2,chemprop,0.00,0.698114454746246
delaney,spectra_tanimoto,0.05_0_ensemble2,chemprop,0.05,1.74848318099976
delaney,spectra_tanimoto,0.05_1_ensemble2,chemprop,0.05,0.970439076423645
delaney,spectra_tanimoto,0.05_2_ensemble2,chemprop,0.05,0.795070827007294
delaney,spectra_tanimoto,0.10_0_ensemble2,chemprop,0.10,1.87350356578827
delaney,spectra_tanimoto,0.10_1_ensemble2,chemprop,0.10,0.836373746395111
delaney,spectra_tanimoto,0.10_2_ensemble2,chemprop,0.10,0.924348533153534
delaney,spectra_tanimoto,0.15_0_ensemble2,chemprop,0.15,1.15786278247833
delaney,spectra_tanimoto,0.15_1_ensemble2,chemprop,0.15,1.21807754039764
delaney,spectra_tanimoto,0.15_2_ensemble2,chemprop,0.15,2.03944325447083
delaney,spectra_tanimoto,0.20_0_ensemble2,chemprop,0.20,0.940322637557983
delaney,spectra_tanimoto,0.20_1_ensemble2,chemprop,0.20,1.90401804447174
delaney,spectra_tanimoto,0.20_2_ensemble2,chemprop,0.20,1.85146594047546
delaney,spectra_tanimoto,0.25_0_ensemble2,chemprop,0.25,2.55589580535889
delaney,spectra_tanimoto,0.25_1_ensemble2,chemprop,0.25,1.34477782249451
delaney,spectra_tanimoto,0.25_2_ensemble2,chemprop,0.25,1.35033285617828
delaney,spectra_tanimoto,0.30_0_ensemble2,chemprop,0.30,2.15699434280396
delaney,spectra_tanimoto,0.30_1_ensemble2,chemprop,0.30,1.70295214653015
delaney,spectra_tanimoto,0.30_2_ensemble2,chemprop,0.30,2.49677038192749
delaney,spectra_tanimoto,0.35_0_ensemble2,chemprop,0.35,1.87180483341217
delaney,spectra_tanimoto,0.35_1_ensemble2,chemprop,0.35,1.60879755020142
delaney,spectra_tanimoto,0.35_2_ensemble2,chemprop,0.35,1.92526972293854
delaney,spectra_tanimoto,0.40_0_ensemble2,chemprop,0.40,1.50227427482605
delaney,spectra_tanimoto,0.40_1_ensemble2,chemprop,0.40,1.63292467594147
delaney,spectra_tanimoto,0.40_2_ensemble2,chemprop,0.40,3.37620520591736
delaney,spectra_tanimoto,0.45_0_ensemble2,chemprop,0.45,1.76133608818054
delaney,spectra_tanimoto,0.45_1_ensemble2,chemprop,0.45,1.17975211143494
delaney,spectra_tanimoto,0.45_2_ensemble2,chemprop,0.45,1.47298002243042
delaney,spectra_tanimoto,0.50_0_ensemble2,chemprop,0.50,1.82475972175598
delaney,spectra_tanimoto,0.50_1_ensemble2,chemprop,0.50,1.15743350982666
delaney,spectra_tanimoto,0.50_2_ensemble2,chemprop,0.50,2.96702098846436
delaney,spectra_tanimoto,0.55_0_ensemble2,chemprop,0.55,1.5889847278595
delaney,spectra_tanimoto,0.55_1_ensemble2,chemprop,0.55,1.32490789890289
delaney,spectra_tanimoto,0.55_2_ensemble2,chemprop,0.55,1.54549896717072
delaney,spectra_tanimoto,0.60_0_ensemble2,chemprop,0.60,1.99284422397614
delaney,spectra_tanimoto,0.60_1_ensemble2,chemprop,0.60,1.34568226337433
delaney,spectra_tanimoto,0.60_2_ensemble2,chemprop,0.60,2.09145736694336
delaney,spectra_tanimoto,0.65_0_ensemble2,chemprop,0.65,NA
delaney,spectra_tanimoto,0.65_1_ensemble2,chemprop,0.65,NA
delaney,spectra_tanimoto,0.65_2_ensemble2,chemprop,0.65,1.75627708435059
delaney,spectra_tanimoto,0.70_0_ensemble2,chemprop,0.70,NA
delaney,spectra_tanimoto,0.70_1_ensemble2,chemprop,0.70,NA
delaney,spectra_tanimoto,0.70_2_ensemble2,chemprop,0.70,NA
delaney,spectra_tanimoto,0.75_0_ensemble2,chemprop,0.75,NA
delaney,spectra_tanimoto,0.75_1_ensemble2,chemprop,0.75,NA
delaney,spectra_tanimoto,0.75_2_ensemble2,chemprop,0.75,NA
delaney,spectra_tanimoto,0.80_0_ensemble2,chemprop,0.80,NA
delaney,spectra_tanimoto,0.80_1_ensemble2,chemprop,0.80,NA
delaney,spectra_tanimoto,0.80_2_ensemble2,chemprop,0.80,NA
delaney,spectra_tanimoto,0.85_0_ensemble2,chemprop,0.85,NA
delaney,spectra_tanimoto,0.85_1_ensemble2,chemprop,0.85,NA
delaney,spectra_tanimoto,0.85_2_ensemble2,chemprop,0.85,NA
delaney,spectra_tanimoto,0.90_0_ensemble2,chemprop,0.90,NA
delaney,spectra_tanimoto,0.90_1_ensemble2,chemprop,0.90,NA
delaney,spectra_tanimoto,0.90_2_ensemble2,chemprop,0.90,NA
delaney,spectra_tanimoto,0.95_0_ensemble2,chemprop,0.95,NA
delaney,spectra_tanimoto,0.95_1_ensemble2,chemprop,0.95,NA
delaney,spectra_tanimoto,0.95_2_ensemble2,chemprop,0.95,NA
delaney,spectra_tanimoto,1.00_0_ensemble2,chemprop,1.00,NA
delaney,spectra_tanimoto,1.00_1_ensemble2,chemprop,1.00,NA
delaney,spectra_tanimoto,1.00_2_ensemble2,chemprop,1.00,NA
delaney,spectra_tanimoto,0.00_0_ensemble3,chemprop,0.00,0.555929064750671
delaney,spectra_tanimoto,0.00_1_ensemble3,chemprop,0.00,0.561841785907745
delaney,spectra_tanimoto,0.00_2_ensemble3,chemprop,0.00,0.743941307067871
delaney,spectra_tanimoto,0.05_0_ensemble3,chemprop,0.05,0.681861996650696
delaney,spectra_tanimoto,0.05_1_ensemble3,chemprop,0.05,0.686424553394318
delaney,spectra_tanimoto,0.05_2_ensemble3,chemprop,0.05,1.1472008228302
delaney,spectra_tanimoto,0.10_0_ensemble3,chemprop,0.10,2.37723255157471
delaney,spectra_tanimoto,0.10_1_ensemble3,chemprop,0.10,1.22295165061951
delaney,spectra_tanimoto,0.10_2_ensemble3,chemprop,0.10,0.765512943267822
delaney,spectra_tanimoto,0.15_0_ensemble3,chemprop,0.15,1.21126449108124
delaney,spectra_tanimoto,0.15_1_ensemble3,chemprop,0.15,0.851090669631958
delaney,spectra_tanimoto,0.15_2_ensemble3,chemprop,0.15,2.11606073379517
delaney,spectra_tanimoto,0.20_0_ensemble3,chemprop,0.20,0.954059720039368
delaney,spectra_tanimoto,0.20_1_ensemble3,chemprop,0.20,1.41401422023773
delaney,spectra_tanimoto,0.20_2_ensemble3,chemprop,0.20,1.41580080986023
delaney,spectra_tanimoto,0.25_0_ensemble3,chemprop,0.25,2.5510401725769
delaney,spectra_tanimoto,0.25_1_ensemble3,chemprop,0.25,1.45185732841492
delaney,spectra_tanimoto,0.25_2_ensemble3,chemprop,0.25,1.55317950248718
delaney,spectra_tanimoto,0.30_0_ensemble3,chemprop,0.30,2.17821264266968
delaney,spectra_tanimoto,0.30_1_ensemble3,chemprop,0.30,5.16060447692871
delaney,spectra_tanimoto,0.30_2_ensemble3,chemprop,0.30,2.00797748565674
delaney,spectra_tanimoto,0.35_0_ensemble3,chemprop,0.35,1.36593377590179
delaney,spectra_tanimoto,0.35_1_ensemble3,chemprop,0.35,1.7817873954773
delaney,spectra_tanimoto,0.35_2_ensemble3,chemprop,0.35,1.87488329410553
delaney,spectra_tanimoto,0.40_0_ensemble3,chemprop,0.40,1.83279764652252
delaney,spectra_tanimoto,0.40_1_ensemble3,chemprop,0.40,1.52426850795746
delaney,spectra_tanimoto,0.40_2_ensemble3,chemprop,0.40,3.37606739997864
delaney,spectra_tanimoto,0.45_0_ensemble3,chemprop,0.45,1.74592363834381
delaney,spectra_tanimoto,0.45_1_ensemble3,chemprop,0.45,1.52821588516235
delaney,spectra_tanimoto,0.45_2_ensemble3,chemprop,0.45,1.54684746265411
delaney,spectra_tanimoto,0.50_0_ensemble3,chemprop,0.50,2.01476001739502
delaney,spectra_tanimoto,0.50_1_ensemble3,chemprop,0.50,1.62057328224182
delaney,spectra_tanimoto,0.50_2_ensemble3,chemprop,0.50,3.08170962333679
delaney,spectra_tanimoto,0.55_0_ensemble3,chemprop,0.55,1.63932061195374
delaney,spectra_tanimoto,0.55_1_ensemble3,chemprop,0.55,1.81209206581116
delaney,spectra_tanimoto,0.55_2_ensemble3,chemprop,0.55,1.84996032714844
delaney,spectra_tanimoto,0.60_0_ensemble3,chemprop,0.60,2.0210542678833
delaney,spectra_tanimoto,0.60_1_ensemble3,chemprop,0.60,1.35456585884094
delaney,spectra_tanimoto,0.60_2_ensemble3,chemprop,0.60,2.16152143478394
delaney,spectra_tanimoto,0.65_0_ensemble3,chemprop,0.65,NA
delaney,spectra_tanimoto,0.65_1_ensemble3,chemprop,0.65,NA
delaney,spectra_tanimoto,0.65_2_ensemble3,chemprop,0.65,1.75295853614807
delaney,spectra_tanimoto,0.70_0_ensemble3,chemprop,0.70,NA
delaney,spectra_tanimoto,0.70_1_ensemble3,chemprop,0.70,NA
delaney,spectra_tanimoto,0.70_2_ensemble3,chemprop,0.70,NA
delaney,spectra_tanimoto,0.75_0_ensemble3,chemprop,0.75,NA
delaney,spectra_tanimoto,0.75_1_ensemble3,chemprop,0.75,NA
delaney,spectra_tanimoto,0.75_2_ensemble3,chemprop,0.75,NA
delaney,spectra_tanimoto,0.80_0_ensemble3,chemprop,0.80,NA
delaney,spectra_tanimoto,0.80_1_ensemble3,chemprop,0.80,NA
delaney,spectra_tanimoto,0.80_2_ensemble3,chemprop,0.80,NA
delaney,spectra_tanimoto,0.85_0_ensemble3,chemprop,0.85,NA
delaney,spectra_tanimoto,0.85_1_ensemble3,chemprop,0.85,NA
delaney,spectra_tanimoto,0.85_2_ensemble3,chemprop,0.85,NA
delaney,spectra_tanimoto,0.90_0_ensemble3,chemprop,0.90,NA
delaney,spectra_tanimoto,0.90_1_ensemble3,chemprop,0.90,NA
delaney,spectra_tanimoto,0.90_2_ensemble3,chemprop,0.90,NA
delaney,spectra_tanimoto,0.95_0_ensemble3,chemprop,0.95,NA
delaney,spectra_tanimoto,0.95_1_ensemble3,chemprop,0.95,NA
delaney,spectra_tanimoto,0.95_2_ensemble3,chemprop,0.95,NA
delaney,spectra_tanimoto,1.00_0_ensemble3,chemprop,1.00,NA
delaney,spectra_tanimoto,1.00_1_ensemble3,chemprop,1.00,NA
delaney,spectra_tanimoto,1.00_2_ensemble3,chemprop,1.00,NA
delaney,spectra_tanimoto,0.00_0_ensemble4,chemprop,0.00,0.705113589763641
delaney,spectra_tanimoto,0.00_1_ensemble4,chemprop,0.00,0.551130652427673
delaney,spectra_tanimoto,0.00_2_ensemble4,chemprop,0.00,0.679697453975677
delaney,spectra_tanimoto,0.05_0_ensemble4,chemprop,0.05,1.29057681560516
delaney,spectra_tanimoto,0.05_1_ensemble4,chemprop,0.05,0.713972210884094
delaney,spectra_tanimoto,0.05_2_ensemble4,chemprop,0.05,1.12180113792419
delaney,spectra_tanimoto,0.10_0_ensemble4,chemprop,0.10,1.39931535720825
delaney,spectra_tanimoto,0.10_1_ensemble4,chemprop,0.10,1.17923367023468
delaney,spectra_tanimoto,0.10_2_ensemble4,chemprop,0.10,0.821521282196045
delaney,spectra_tanimoto,0.15_0_ensemble4,chemprop,0.15,1.0987057685852
delaney,spectra_tanimoto,0.15_1_ensemble4,chemprop,0.15,0.921327412128448
delaney,spectra_tanimoto,0.15_2_ensemble4,chemprop,0.15,2.1411349773407
delaney,spectra_tanimoto,0.20_0_ensemble4,chemprop,0.20,0.914677262306213
delaney,spectra_tanimoto,0.20_1_ensemble4,chemprop,0.20,1.73733472824097
delaney,spectra_tanimoto,0.20_2_ensemble4,chemprop,0.20,1.53365063667297
delaney,spectra_tanimoto,0.25_0_ensemble4,chemprop,0.25,2.55582666397095
delaney,spectra_tanimoto,0.25_1_ensemble4,chemprop,0.25,0.97331577539444
delaney,spectra_tanimoto,0.25_2_ensemble4,chemprop,0.25,1.47328317165375
delaney,spectra_tanimoto,0.30_0_ensemble4,chemprop,0.30,2.19788694381714
delaney,spectra_tanimoto,0.30_1_ensemble4,chemprop,0.30,3.50572061538696
delaney,spectra_tanimoto,0.30_2_ensemble4,chemprop,0.30,1.84525680541992
delaney,spectra_tanimoto,0.35_0_ensemble4,chemprop,0.35,1.18044006824493
delaney,spectra_tanimoto,0.35_1_ensemble4,chemprop,0.35,2.10004019737244
delaney,spectra_tanimoto,0.35_2_ensemble4,chemprop,0.35,1.92005705833435
delaney,spectra_tanimoto,0.40_0_ensemble4,chemprop,0.40,2.06774044036865
delaney,spectra_tanimoto,0.40_1_ensemble4,chemprop,0.40,1.50423884391785
delaney,spectra_tanimoto,0.40_2_ensemble4,chemprop,0.40,3.37577486038208
delaney,spectra_tanimoto,0.45_0_ensemble4,chemprop,0.45,1.76628684997559
delaney,spectra_tanimoto,0.45_1_ensemble4,chemprop,0.45,1.06714940071106
delaney,spectra_tanimoto,0.45_2_ensemble4,chemprop,0.45,1.51367485523224
delaney,spectra_tanimoto,0.50_0_ensemble4,chemprop,0.50,1.79425132274628
delaney,spectra_tanimoto,0.50_1_ensemble4,chemprop,0.50,0.977216601371765
delaney,spectra_tanimoto,0.50_2_ensemble4,chemprop,0.50,3.13156795501709
delaney,spectra_tanimoto,0.55_0_ensemble4,chemprop,0.55,1.55916166305542
delaney,spectra_tanimoto,0.55_1_ensemble4,chemprop,0.55,1.57079613208771
delaney,spectra_tanimoto,0.55_2_ensemble4,chemprop,0.55,1.61744832992554
delaney,spectra_tanimoto,0.60_0_ensemble4,chemprop,0.60,1.98680067062378
delaney,spectra_tanimoto,0.60_1_ensemble4,chemprop,0.60,1.33366250991821
delaney,spectra_tanimoto,0.60_2_ensemble4,chemprop,0.60,2.52346205711365
delaney,spectra_tanimoto,0.65_0_ensemble4,chemprop,0.65,NA
delaney,spectra_tanimoto,0.65_1_ensemble4,chemprop,0.65,NA
delaney,spectra_tanimoto,0.65_2_ensemble4,chemprop,0.65,1.65494108200073
delaney,spectra_tanimoto,0.70_0_ensemble4,chemprop,0.70,NA
delaney,spectra_tanimoto,0.70_1_ensemble4,chemprop,0.70,NA
delaney,spectra_tanimoto,0.70_2_ensemble4,chemprop,0.70,NA
delaney,spectra_tanimoto,0.75_0_ensemble4,chemprop,0.75,NA
delaney,spectra_tanimoto,0.75_1_ensemble4,chemprop,0.75,NA
delaney,spectra_tanimoto,0.75_2_ensemble4,chemprop,0.75,NA
delaney,spectra_tanimoto,0.80_0_ensemble4,chemprop,0.80,NA
delaney,spectra_tanimoto,0.80_1_ensemble4,chemprop,0.80,NA
delaney,spectra_tanimoto,0.80_2_ensemble4,chemprop,0.80,NA
delaney,spectra_tanimoto,0.85_0_ensemble4,chemprop,0.85,NA
delaney,spectra_tanimoto,0.85_1_ensemble4,chemprop,0.85,NA
delaney,spectra_tanimoto,0.85_2_ensemble4,chemprop,0.85,NA
delaney,spectra_tanimoto,0.90_0_ensemble4,chemprop,0.90,NA
delaney,spectra_tanimoto,0.90_1_ensemble4,chemprop,0.90,NA
delaney,spectra_tanimoto,0.90_2_ensemble4,chemprop,0.90,NA
delaney,spectra_tanimoto,0.95_0_ensemble4,chemprop,0.95,NA
delaney,spectra_tanimoto,0.95_1_ensemble4,chemprop,0.95,NA
delaney,spectra_tanimoto,0.95_2_ensemble4,chemprop,0.95,NA
delaney,spectra_tanimoto,1.00_0_ensemble4,chemprop,1.00,NA
delaney,spectra_tanimoto,1.00_1_ensemble4,chemprop,1.00,NA
delaney,spectra_tanimoto,1.00_2_ensemble4,chemprop,1.00,NA
delaney,spectra_tanimoto,0.00_0_ensemble5,chemprop,0.00,0.548457205295563
delaney,spectra_tanimoto,0.00_1_ensemble5,chemprop,0.00,0.563490390777588
delaney,spectra_tanimoto,0.00_2_ensemble5,chemprop,0.00,0.676130175590515
delaney,spectra_tanimoto,0.05_0_ensemble5,chemprop,0.05,1.17703354358673
delaney,spectra_tanimoto,0.05_1_ensemble5,chemprop,0.05,1.03262948989868
delaney,spectra_tanimoto,0.05_2_ensemble5,chemprop,0.05,0.671886026859283
delaney,spectra_tanimoto,0.10_0_ensemble5,chemprop,0.10,1.86360991001129
delaney,spectra_tanimoto,0.10_1_ensemble5,chemprop,0.10,0.792556941509247
delaney,spectra_tanimoto,0.10_2_ensemble5,chemprop,0.10,0.909140348434448
delaney,spectra_tanimoto,0.15_0_ensemble5,chemprop,0.15,1.17186629772186
delaney,spectra_tanimoto,0.15_1_ensemble5,chemprop,0.15,1.1070773601532
delaney,spectra_tanimoto,0.15_2_ensemble5,chemprop,0.15,2.12025690078735
delaney,spectra_tanimoto,0.20_0_ensemble5,chemprop,0.20,0.90492182970047
delaney,spectra_tanimoto,0.20_1_ensemble5,chemprop,0.20,1.55606436729431
delaney,spectra_tanimoto,0.20_2_ensemble5,chemprop,0.20,1.86353015899658
delaney,spectra_tanimoto,0.25_0_ensemble5,chemprop,0.25,2.55262875556946
delaney,spectra_tanimoto,0.25_1_ensemble5,chemprop,0.25,2.31503653526306
delaney,spectra_tanimoto,0.25_2_ensemble5,chemprop,0.25,1.67767465114594
delaney,spectra_tanimoto,0.30_0_ensemble5,chemprop,0.30,2.17476797103882
delaney,spectra_tanimoto,0.30_1_ensemble5,chemprop,0.30,3.81324005126953
delaney,spectra_tanimoto,0.30_2_ensemble5,chemprop,0.30,2.61724162101746
delaney,spectra_tanimoto,0.35_0_ensemble5,chemprop,0.35,1.74532699584961
delaney,spectra_tanimoto,0.35_1_ensemble5,chemprop,0.35,1.64977514743805
delaney,spectra_tanimoto,0.35_2_ensemble5,chemprop,0.35,1.4877268075943
delaney,spectra_tanimoto,0.40_0_ensemble5,chemprop,0.40,1.97730386257172
delaney,spectra_tanimoto,0.40_1_ensemble5,chemprop,0.40,1.47834753990173
delaney,spectra_tanimoto,0.40_2_ensemble5,chemprop,0.40,1.26420998573303
delaney,spectra_tanimoto,0.45_0_ensemble5,chemprop,0.45,1.7438942193985
delaney,spectra_tanimoto,0.45_1_ensemble5,chemprop,0.45,1.63119781017303
delaney,spectra_tanimoto,0.45_2_ensemble5,chemprop,0.45,1.72901034355164
delaney,spectra_tanimoto,0.50_0_ensemble5,chemprop,0.50,1.96640515327454
delaney,spectra_tanimoto,0.50_1_ensemble5,chemprop,0.50,1.44607079029083
delaney,spectra_tanimoto,0.50_2_ensemble5,chemprop,0.50,3.00272297859192
delaney,spectra_tanimoto,0.55_0_ensemble5,chemprop,0.55,1.47295928001404
delaney,spectra_tanimoto,0.55_1_ensemble5,chemprop,0.55,1.33257293701172
delaney,spectra_tanimoto,0.55_2_ensemble5,chemprop,0.55,1.66698837280273
delaney,spectra_tanimoto,0.60_0_ensemble5,chemprop,0.60,2.01741528511047
delaney,spectra_tanimoto,0.60_1_ensemble5,chemprop,0.60,1.37477469444275
delaney,spectra_tanimoto,0.60_2_ensemble5,chemprop,0.60,2.88780689239502
delaney,spectra_tanimoto,0.65_0_ensemble5,chemprop,0.65,NA
delaney,spectra_tanimoto,0.65_1_ensemble5,chemprop,0.65,NA
delaney,spectra_tanimoto,0.65_2_ensemble5,chemprop,0.65,1.87780404090881
delaney,spectra_tanimoto,0.70_0_ensemble5,chemprop,0.70,NA
delaney,spectra_tanimoto,0.70_1_ensemble5,chemprop,0.70,NA
delaney,spectra_tanimoto,0.70_2_ensemble5,chemprop,0.70,NA
delaney,spectra_tanimoto,0.75_0_ensemble5,chemprop,0.75,NA
delaney,spectra_tanimoto,0.75_1_ensemble5,chemprop,0.75,NA
delaney,spectra_tanimoto,0.75_2_ensemble5,chemprop,0.75,NA
delaney,spectra_tanimoto,0.80_0_ensemble5,chemprop,0.80,NA
delaney,spectra_tanimoto,0.80_1_ensemble5,chemprop,0.80,NA
delaney,spectra_tanimoto,0.80_2_ensemble5,chemprop,0.80,NA
delaney,spectra_tanimoto,0.85_0_ensemble5,chemprop,0.85,NA
delaney,spectra_tanimoto,0.85_1_ensemble5,chemprop,0.85,NA
delaney,spectra_tanimoto,0.85_2_ensemble5,chemprop,0.85,NA
delaney,spectra_tanimoto,0.90_0_ensemble5,chemprop,0.90,NA
delaney,spectra_tanimoto,0.90_1_ensemble5,chemprop,0.90,NA
delaney,spectra_tanimoto,0.90_2_ensemble5,chemprop,0.90,NA
delaney,spectra_tanimoto,0.95_0_ensemble5,chemprop,0.95,NA
delaney,spectra_tanimoto,0.95_1_ensemble5,chemprop,0.95,NA
delaney,spectra_tanimoto,0.95_2_ensemble5,chemprop,0.95,NA
delaney,spectra_tanimoto,1.00_0_ensemble5,chemprop,1.00,NA
delaney,spectra_tanimoto,1.00_1_ensemble5,chemprop,1.00,NA
delaney,spectra_tanimoto,1.00_2_ensemble5,chemprop,1.00,NA
freesolv,random,1_ensemble1,chemprop,NA,1.11444342136383
freesolv,random,2_ensemble1,chemprop,NA,1.30044841766357
freesolv,random,3_ensemble1,chemprop,NA,0.803530633449554
freesolv,random,4_ensemble1,chemprop,NA,1.02511143684387
freesolv,random,5_ensemble1,chemprop,NA,1.23401153087615
freesolv,random,1_ensemble2,chemprop,NA,1.33200764656066
freesolv,random,2_ensemble2,chemprop,NA,1.19498634338378
freesolv,random,3_ensemble2,chemprop,NA,1.0847064256668
freesolv,random,4_ensemble2,chemprop,NA,1.50235724449157
freesolv,random,5_ensemble2,chemprop,NA,1.39805972576141
freesolv,random,1_ensemble3,chemprop,NA,1.30705165863037
freesolv,random,2_ensemble3,chemprop,NA,1.18408834934234
freesolv,random,3_ensemble3,chemprop,NA,1.32169950008392
freesolv,random,4_ensemble3,chemprop,NA,0.974050760269165
freesolv,random,5_ensemble3,chemprop,NA,1.57252597808837
freesolv,random,1_ensemble4,chemprop,NA,1.37657713890075
freesolv,random,2_ensemble4,chemprop,NA,1.31014943122863
freesolv,random,3_ensemble4,chemprop,NA,1.07911014556884
freesolv,random,4_ensemble4,chemprop,NA,0.995448410511016
freesolv,random,5_ensemble4,chemprop,NA,1.34412324428558
freesolv,random,1_ensemble5,chemprop,NA,1.31005823612213
freesolv,random,2_ensemble5,chemprop,NA,1.22846865653991
freesolv,random,3_ensemble5,chemprop,NA,1.29569673538208
freesolv,random,4_ensemble5,chemprop,NA,0.975679218769073
freesolv,random,5_ensemble5,chemprop,NA,1.08854341506958
freesolv,scaffold,1_ensemble1,chemprop,NA,1.69932591915131
freesolv,scaffold,2_ensemble1,chemprop,NA,2.09690809249878
freesolv,scaffold,3_ensemble1,chemprop,NA,1.74244546890259
freesolv,scaffold,4_ensemble1,chemprop,NA,1.82700896263123
freesolv,scaffold,5_ensemble1,chemprop,NA,2.10041069984436
freesolv,scaffold,1_ensemble2,chemprop,NA,1.75926983356476
freesolv,scaffold,2_ensemble2,chemprop,NA,2.03772354125977
freesolv,scaffold,3_ensemble2,chemprop,NA,1.50441491603851
freesolv,scaffold,4_ensemble2,chemprop,NA,1.79470527172089
freesolv,scaffold,5_ensemble2,chemprop,NA,2.0432984828949
freesolv,scaffold,1_ensemble3,chemprop,NA,1.74606442451477
freesolv,scaffold,2_ensemble3,chemprop,NA,2.14177942276001
freesolv,scaffold,3_ensemble3,chemprop,NA,1.64836096763611
freesolv,scaffold,4_ensemble3,chemprop,NA,1.70161938667297
freesolv,scaffold,5_ensemble3,chemprop,NA,2.11010766029358
freesolv,scaffold,1_ensemble4,chemprop,NA,1.82633686065674
freesolv,scaffold,2_ensemble4,chemprop,NA,2.07951068878174
freesolv,scaffold,3_ensemble4,chemprop,NA,1.59942877292633
freesolv,scaffold,4_ensemble4,chemprop,NA,1.63806068897247
freesolv,scaffold,5_ensemble4,chemprop,NA,2.14289665222168
freesolv,scaffold,1_ensemble5,chemprop,NA,1.84342575073242
freesolv,scaffold,2_ensemble5,chemprop,NA,2.11644458770752
freesolv,scaffold,3_ensemble5,chemprop,NA,1.43054020404816
freesolv,scaffold,4_ensemble5,chemprop,NA,1.8629891872406
freesolv,scaffold,5_ensemble5,chemprop,NA,2.11411690711975
freesolv,umap,1_ensemble1,chemprop,NA,1.10878193378448
freesolv,umap,2_ensemble1,chemprop,NA,0.893138706684112
freesolv,umap,3_ensemble1,chemprop,NA,0.885214149951934
freesolv,umap,4_ensemble1,chemprop,NA,1.25127160549163
freesolv,umap,5_ensemble1,chemprop,NA,1.3007481098175
freesolv,umap,1_ensemble2,chemprop,NA,1.66564261913299
freesolv,umap,2_ensemble2,chemprop,NA,1.35807394981384
freesolv,umap,3_ensemble2,chemprop,NA,1.12259066104888
freesolv,umap,4_ensemble2,chemprop,NA,0.963797807693481
freesolv,umap,5_ensemble2,chemprop,NA,1.56475579738616
freesolv,umap,1_ensemble3,chemprop,NA,1.04502260684967
freesolv,umap,2_ensemble3,chemprop,NA,0.962300300598144
freesolv,umap,3_ensemble3,chemprop,NA,0.928275883197784
freesolv,umap,4_ensemble3,chemprop,NA,1.2498869895935
freesolv,umap,5_ensemble3,chemprop,NA,1.35585987567901
freesolv,umap,1_ensemble4,chemprop,NA,1.00724852085113
freesolv,umap,2_ensemble4,chemprop,NA,1.19533693790435
freesolv,umap,3_ensemble4,chemprop,NA,1.05599474906921
freesolv,umap,4_ensemble4,chemprop,NA,1.17110455036163
freesolv,umap,5_ensemble4,chemprop,NA,1.37062084674835
freesolv,umap,1_ensemble5,chemprop,NA,1.08671617507934
freesolv,umap,2_ensemble5,chemprop,NA,1.19776117801666
freesolv,umap,3_ensemble5,chemprop,NA,0.973530292510986
freesolv,umap,4_ensemble5,chemprop,NA,1.04020738601684
freesolv,umap,5_ensemble5,chemprop,NA,1.29062414169311
freesolv,spectra_tanimoto,0.00_0_ensemble1,chemprop,0.00,1.049800157547
freesolv,spectra_tanimoto,0.00_1_ensemble1,chemprop,0.00,1.1830061674118
freesolv,spectra_tanimoto,0.00_2_ensemble1,chemprop,0.00,0.988481104373932
freesolv,spectra_tanimoto,0.05_0_ensemble1,chemprop,0.05,1.07136225700378
freesolv,spectra_tanimoto,0.05_1_ensemble1,chemprop,0.05,1.29342222213745
freesolv,spectra_tanimoto,0.05_2_ensemble1,chemprop,0.05,1.34765887260437
freesolv,spectra_tanimoto,0.10_0_ensemble1,chemprop,0.10,1.88717329502106
freesolv,spectra_tanimoto,0.10_1_ensemble1,chemprop,0.10,1.735191822052
freesolv,spectra_tanimoto,0.10_2_ensemble1,chemprop,0.10,1.70732891559601
freesolv,spectra_tanimoto,0.15_0_ensemble1,chemprop,0.15,2.18602204322815
freesolv,spectra_tanimoto,0.15_1_ensemble1,chemprop,0.15,NA
freesolv,spectra_tanimoto,0.15_2_ensemble1,chemprop,0.15,NA
freesolv,spectra_tanimoto,0.20_0_ensemble1,chemprop,0.20,4.5776538848877
freesolv,spectra_tanimoto,0.20_1_ensemble1,chemprop,0.20,3.07000088691711
freesolv,spectra_tanimoto,0.20_2_ensemble1,chemprop,0.20,2.78627562522888
freesolv,spectra_tanimoto,0.25_0_ensemble1,chemprop,0.25,2.93301963806152
freesolv,spectra_tanimoto,0.25_1_ensemble1,chemprop,0.25,5.52388954162598
freesolv,spectra_tanimoto,0.25_2_ensemble1,chemprop,0.25,3.60540533065796
freesolv,spectra_tanimoto,0.30_0_ensemble1,chemprop,0.30,2.70525598526001
freesolv,spectra_tanimoto,0.30_1_ensemble1,chemprop,0.30,5.8652868270874
freesolv,spectra_tanimoto,0.30_2_ensemble1,chemprop,0.30,3.85544466972351
freesolv,spectra_tanimoto,0.35_0_ensemble1,chemprop,0.35,4.15911293029785
freesolv,spectra_tanimoto,0.35_1_ensemble1,chemprop,0.35,3.10385274887085
freesolv,spectra_tanimoto,0.35_2_ensemble1,chemprop,0.35,6.36367130279541
freesolv,spectra_tanimoto,0.40_0_ensemble1,chemprop,0.40,4.5306978225708
freesolv,spectra_tanimoto,0.40_1_ensemble1,chemprop,0.40,3.10759902000427
freesolv,spectra_tanimoto,0.40_2_ensemble1,chemprop,0.40,3.21536898612976
freesolv,spectra_tanimoto,0.45_0_ensemble1,chemprop,0.45,4.4842357635498
freesolv,spectra_tanimoto,0.45_1_ensemble1,chemprop,0.45,3.65125966072083
freesolv,spectra_tanimoto,0.45_2_ensemble1,chemprop,0.45,16.3684139251709
freesolv,spectra_tanimoto,0.50_0_ensemble1,chemprop,0.50,4.09654808044434
freesolv,spectra_tanimoto,0.50_1_ensemble1,chemprop,0.50,4.2340407371521
freesolv,spectra_tanimoto,0.50_2_ensemble1,chemprop,0.50,3.05296421051025
freesolv,spectra_tanimoto,0.55_0_ensemble1,chemprop,0.55,NA
freesolv,spectra_tanimoto,0.55_1_ensemble1,chemprop,0.55,4.95801544189453
freesolv,spectra_tanimoto,0.55_2_ensemble1,chemprop,0.55,4.06609869003296
freesolv,spectra_tanimoto,0.60_0_ensemble1,chemprop,0.60,4.08284997940063
freesolv,spectra_tanimoto,0.60_1_ensemble1,chemprop,0.60,NA
freesolv,spectra_tanimoto,0.60_2_ensemble1,chemprop,0.60,3.38714075088501
freesolv,spectra_tanimoto,0.65_0_ensemble1,chemprop,0.65,NA
freesolv,spectra_tanimoto,0.65_2_ensemble1,chemprop,0.65,NA
freesolv,spectra_tanimoto,0.70_0_ensemble1,chemprop,0.70,NA
freesolv,spectra_tanimoto,0.70_1_ensemble1,chemprop,0.70,NA
freesolv,spectra_tanimoto,0.70_2_ensemble1,chemprop,0.70,NA
freesolv,spectra_tanimoto,0.75_0_ensemble1,chemprop,0.75,NA
freesolv,spectra_tanimoto,0.75_1_ensemble1,chemprop,0.75,NA
freesolv,spectra_tanimoto,0.75_2_ensemble1,chemprop,0.75,NA
freesolv,spectra_tanimoto,0.80_0_ensemble1,chemprop,0.80,NA
freesolv,spectra_tanimoto,0.80_1_ensemble1,chemprop,0.80,NA
freesolv,spectra_tanimoto,0.80_2_ensemble1,chemprop,0.80,NA
freesolv,spectra_tanimoto,0.85_0_ensemble1,chemprop,0.85,NA
freesolv,spectra_tanimoto,0.85_1_ensemble1,chemprop,0.85,NA
freesolv,spectra_tanimoto,0.85_2_ensemble1,chemprop,0.85,NA
freesolv,spectra_tanimoto,0.90_0_ensemble1,chemprop,0.90,NA
freesolv,spectra_tanimoto,0.90_1_ensemble1,chemprop,0.90,NA
freesolv,spectra_tanimoto,0.90_2_ensemble1,chemprop,0.90,NA
freesolv,spectra_tanimoto,0.95_0_ensemble1,chemprop,0.95,NA
freesolv,spectra_tanimoto,0.95_1_ensemble1,chemprop,0.95,NA
freesolv,spectra_tanimoto,0.95_2_ensemble1,chemprop,0.95,NA
freesolv,spectra_tanimoto,1.00_0_ensemble1,chemprop,1.00,NA
freesolv,spectra_tanimoto,1.00_1_ensemble1,chemprop,1.00,NA
freesolv,spectra_tanimoto,1.00_2_ensemble1,chemprop,1.00,NA
freesolv,spectra_tanimoto,0.00_0_ensemble2,chemprop,0.00,1.1777731180191
freesolv,spectra_tanimoto,0.00_1_ensemble2,chemprop,0.00,1.27557194232941
freesolv,spectra_tanimoto,0.00_2_ensemble2,chemprop,0.00,1.08318734169006
freesolv,spectra_tanimoto,0.05_0_ensemble2,chemprop,0.05,1.25471603870392
freesolv,spectra_tanimoto,0.05_1_ensemble2,chemprop,0.05,1.54260861873627
freesolv,spectra_tanimoto,0.05_2_ensemble2,chemprop,0.05,1.33987736701965
freesolv,spectra_tanimoto,0.10_0_ensemble2,chemprop,0.10,1.91065216064453
freesolv,spectra_tanimoto,0.10_1_ensemble2,chemprop,0.10,1.92099678516388
freesolv,spectra_tanimoto,0.10_2_ensemble2,chemprop,0.10,1.80998992919922
freesolv,spectra_tanimoto,0.15_0_ensemble2,chemprop,0.15,1.63420057296753
freesolv,spectra_tanimoto,0.15_1_ensemble2,chemprop,0.15,NA
freesolv,spectra_tanimoto,0.15_2_ensemble2,chemprop,0.15,NA
freesolv,spectra_tanimoto,0.20_0_ensemble2,chemprop,0.20,4.37313604354858
freesolv,spectra_tanimoto,0.20_1_ensemble2,chemprop,0.20,2.14642834663391
freesolv,spectra_tanimoto,0.20_2_ensemble2,chemprop,0.20,2.92150068283081
freesolv,spectra_tanimoto,0.25_0_ensemble2,chemprop,0.25,4.0743727684021
freesolv,spectra_tanimoto,0.25_1_ensemble2,chemprop,0.25,5.0271430015564
freesolv,spectra_tanimoto,0.25_2_ensemble2,chemprop,0.25,2.77091217041016
freesolv,spectra_tanimoto,0.30_0_ensemble2,chemprop,0.30,2.40455603599548
freesolv,spectra_tanimoto,0.30_1_ensemble2,chemprop,0.30,5.58623743057251
freesolv,spectra_tanimoto,0.30_2_ensemble2,chemprop,0.30,3.92715334892273
freesolv,spectra_tanimoto,0.35_0_ensemble2,chemprop,0.35,4.74404239654541
freesolv,spectra_tanimoto,0.35_1_ensemble2,chemprop,0.35,3.08860158920288
freesolv,spectra_tanimoto,0.35_2_ensemble2,chemprop,0.35,5.78279972076416
freesolv,spectra_tanimoto,0.40_0_ensemble2,chemprop,0.40,9.70879459381104
freesolv,spectra_tanimoto,0.40_1_ensemble2,chemprop,0.40,2.8707902431488
freesolv,spectra_tanimoto,0.40_2_ensemble2,chemprop,0.40,3.23416543006897
freesolv,spectra_tanimoto,0.45_0_ensemble2,chemprop,0.45,2.22295713424683
freesolv,spectra_tanimoto,0.45_1_ensemble2,chemprop,0.45,3.9986047744751
freesolv,spectra_tanimoto,0.45_2_ensemble2,chemprop,0.45,4.98987579345703
freesolv,spectra_tanimoto,0.50_0_ensemble2,chemprop,0.50,4.12410593032837
freesolv,spectra_tanimoto,0.50_1_ensemble2,chemprop,0.50,4.40931367874146
freesolv,spectra_tanimoto,0.50_2_ensemble2,chemprop,0.50,1.92234539985657
freesolv,spectra_tanimoto,0.55_0_ensemble2,chemprop,0.55,NA
freesolv,spectra_tanimoto,0.55_1_ensemble2,chemprop,0.55,4.78269958496094
freesolv,spectra_tanimoto,0.55_2_ensemble2,chemprop,0.55,4.12024068832397
freesolv,spectra_tanimoto,0.60_0_ensemble2,chemprop,0.60,4.13955736160278
freesolv,spectra_tanimoto,0.60_1_ensemble2,chemprop,0.60,NA
freesolv,spectra_tanimoto,0.60_2_ensemble2,chemprop,0.60,3.42557978630066
freesolv,spectra_tanimoto,0.65_0_ensemble2,chemprop,0.65,NA
freesolv,spectra_tanimoto,0.65_2_ensemble2,chemprop,0.65,NA
freesolv,spectra_tanimoto,0.70_0_ensemble2,chemprop,0.70,NA
freesolv,spectra_tanimoto,0.70_1_ensemble2,chemprop,0.70,NA
freesolv,spectra_tanimoto,0.70_2_ensemble2,chemprop,0.70,NA
freesolv,spectra_tanimoto,0.75_0_ensemble2,chemprop,0.75,NA
freesolv,spectra_tanimoto,0.75_1_ensemble2,chemprop,0.75,NA
freesolv,spectra_tanimoto,0.75_2_ensemble2,chemprop,0.75,NA
freesolv,spectra_tanimoto,0.80_0_ensemble2,chemprop,0.80,NA
freesolv,spectra_tanimoto,0.80_1_ensemble2,chemprop,0.80,NA
freesolv,spectra_tanimoto,0.80_2_ensemble2,chemprop,0.80,NA
freesolv,spectra_tanimoto,0.85_0_ensemble2,chemprop,0.85,NA
freesolv,spectra_tanimoto,0.85_1_ensemble2,chemprop,0.85,NA
freesolv,spectra_tanimoto,0.85_2_ensemble2,chemprop,0.85,NA
freesolv,spectra_tanimoto,0.90_0_ensemble2,chemprop,0.90,NA
freesolv,spectra_tanimoto,0.90_1_ensemble2,chemprop,0.90,NA
freesolv,spectra_tanimoto,0.90_2_ensemble2,chemprop,0.90,NA
freesolv,spectra_tanimoto,0.95_0_ensemble2,chemprop,0.95,NA
freesolv,spectra_tanimoto,0.95_1_ensemble2,chemprop,0.95,NA
freesolv,spectra_tanimoto,0.95_2_ensemble2,chemprop,0.95,NA
freesolv,spectra_tanimoto,1.00_0_ensemble2,chemprop,1.00,NA
freesolv,spectra_tanimoto,1.00_1_ensemble2,chemprop,1.00,NA
freesolv,spectra_tanimoto,1.00_2_ensemble2,chemprop,1.00,NA
freesolv,spectra_tanimoto,0.00_0_ensemble3,chemprop,0.00,1.05369579792023
freesolv,spectra_tanimoto,0.00_1_ensemble3,chemprop,0.00,1.17841935157776
freesolv,spectra_tanimoto,0.00_2_ensemble3,chemprop,0.00,1.17065799236298
freesolv,spectra_tanimoto,0.05_0_ensemble3,chemprop,0.05,1.05026376247406
freesolv,spectra_tanimoto,0.05_1_ensemble3,chemprop,0.05,2.43627285957336
freesolv,spectra_tanimoto,0.05_2_ensemble3,chemprop,0.05,2.14909768104553
freesolv,spectra_tanimoto,0.10_0_ensemble3,chemprop,0.10,1.96233296394348
freesolv,spectra_tanimoto,0.10_1_ensemble3,chemprop,0.10,1.53613173961639
freesolv,spectra_tanimoto,0.10_2_ensemble3,chemprop,0.10,1.47654139995575
freesolv,spectra_tanimoto,0.15_0_ensemble3,chemprop,0.15,3.02066230773926
freesolv,spectra_tanimoto,0.15_1_ensemble3,chemprop,0.15,NA
freesolv,spectra_tanimoto,0.15_2_ensemble3,chemprop,0.15,NA
freesolv,spectra_tanimoto,0.20_0_ensemble3,chemprop,0.20,4.23610258102417
freesolv,spectra_tanimoto,0.20_1_ensemble3,chemprop,0.20,1.15641438961029
freesolv,spectra_tanimoto,0.20_2_ensemble3,chemprop,0.20,4.16722106933594
freesolv,spectra_tanimoto,0.25_0_ensemble3,chemprop,0.25,2.06008505821228
freesolv,spectra_tanimoto,0.25_1_ensemble3,chemprop,0.25,4.75355195999146
freesolv,spectra_tanimoto,0.25_2_ensemble3,chemprop,0.25,2.56968784332275
freesolv,spectra_tanimoto,0.30_0_ensemble3,chemprop,0.30,2.52999424934387
freesolv,spectra_tanimoto,0.30_1_ensemble3,chemprop,0.30,6.10837984085083
freesolv,spectra_tanimoto,0.30_2_ensemble3,chemprop,0.30,1.61503839492798
freesolv,spectra_tanimoto,0.35_0_ensemble3,chemprop,0.35,4.23843765258789
freesolv,spectra_tanimoto,0.35_1_ensemble3,chemprop,0.35,2.76783394813538
freesolv,spectra_tanimoto,0.35_2_ensemble3,chemprop,0.35,5.30782890319824
freesolv,spectra_tanimoto,0.40_0_ensemble3,chemprop,0.40,4.17111587524414
freesolv,spectra_tanimoto,0.40_1_ensemble3,chemprop,0.40,2.59158372879028
freesolv,spectra_tanimoto,0.40_2_ensemble3,chemprop,0.40,4.06378698348999
freesolv,spectra_tanimoto,0.45_0_ensemble3,chemprop,0.45,3.96069693565369
freesolv,spectra_tanimoto,0.45_1_ensemble3,chemprop,0.45,4.71952772140503
freesolv,spectra_tanimoto,0.45_2_ensemble3,chemprop,0.45,4.61105537414551
freesolv,spectra_tanimoto,0.50_0_ensemble3,chemprop,0.50,4.13079595565796
freesolv,spectra_tanimoto,0.50_1_ensemble3,chemprop,0.50,3.77565884590149
freesolv,spectra_tanimoto,0.50_2_ensemble3,chemprop,0.50,3.85798120498657
freesolv,spectra_tanimoto,0.55_0_ensemble3,chemprop,0.55,NA
freesolv,spectra_tanimoto,0.55_1_ensemble3,chemprop,0.55,4.83660125732422
freesolv,spectra_tanimoto,0.55_2_ensemble3,chemprop,0.55,4.2629075050354
freesolv,spectra_tanimoto,0.60_0_ensemble3,chemprop,0.60,4.56890821456909
freesolv,spectra_tanimoto,0.60_1_ensemble3,chemprop,0.60,NA
freesolv,spectra_tanimoto,0.60_2_ensemble3,chemprop,0.60,3.15389370918274
freesolv,spectra_tanimoto,0.65_0_ensemble3,chemprop,0.65,NA
freesolv,spectra_tanimoto,0.65_2_ensemble3,chemprop,0.65,NA
freesolv,spectra_tanimoto,0.70_0_ensemble3,chemprop,0.70,NA
freesolv,spectra_tanimoto,0.70_1_ensemble3,chemprop,0.70,NA
freesolv,spectra_tanimoto,0.70_2_ensemble3,chemprop,0.70,NA
freesolv,spectra_tanimoto,0.75_0_ensemble3,chemprop,0.75,NA
freesolv,spectra_tanimoto,0.75_1_ensemble3,chemprop,0.75,NA
freesolv,spectra_tanimoto,0.75_2_ensemble3,chemprop,0.75,NA
freesolv,spectra_tanimoto,0.80_0_ensemble3,chemprop,0.80,NA
freesolv,spectra_tanimoto,0.80_1_ensemble3,chemprop,0.80,NA
freesolv,spectra_tanimoto,0.80_2_ensemble3,chemprop,0.80,NA
freesolv,spectra_tanimoto,0.85_0_ensemble3,chemprop,0.85,NA
freesolv,spectra_tanimoto,0.85_1_ensemble3,chemprop,0.85,NA
freesolv,spectra_tanimoto,0.85_2_ensemble3,chemprop,0.85,NA
freesolv,spectra_tanimoto,0.90_0_ensemble3,chemprop,0.90,NA
freesolv,spectra_tanimoto,0.90_1_ensemble3,chemprop,0.90,NA
freesolv,spectra_tanimoto,0.90_2_ensemble3,chemprop,0.90,NA
freesolv,spectra_tanimoto,0.95_0_ensemble3,chemprop,0.95,NA
freesolv,spectra_tanimoto,0.95_1_ensemble3,chemprop,0.95,NA
freesolv,spectra_tanimoto,0.95_2_ensemble3,chemprop,0.95,NA
freesolv,spectra_tanimoto,1.00_0_ensemble3,chemprop,1.00,NA
freesolv,spectra_tanimoto,1.00_1_ensemble3,chemprop,1.00,NA
freesolv,spectra_tanimoto,1.00_2_ensemble3,chemprop,1.00,NA
freesolv,spectra_tanimoto,0.00_0_ensemble4,chemprop,0.00,1.17136859893799
freesolv,spectra_tanimoto,0.00_1_ensemble4,chemprop,0.00,1.06015825271606
freesolv,spectra_tanimoto,0.00_2_ensemble4,chemprop,0.00,1.00798773765564
freesolv,spectra_tanimoto,0.05_0_ensemble4,chemprop,0.05,0.972273290157318
freesolv,spectra_tanimoto,0.05_1_ensemble4,chemprop,0.05,1.3446831703186
freesolv,spectra_tanimoto,0.05_2_ensemble4,chemprop,0.05,1.36762344837189
freesolv,spectra_tanimoto,0.10_0_ensemble4,chemprop,0.10,2.01452684402466
freesolv,spectra_tanimoto,0.10_1_ensemble4,chemprop,0.10,1.3950754404068
freesolv,spectra_tanimoto,0.10_2_ensemble4,chemprop,0.10,1.66733849048615
freesolv,spectra_tanimoto,0.15_0_ensemble4,chemprop,0.15,1.87566137313843
freesolv,spectra_tanimoto,0.15_1_ensemble4,chemprop,0.15,NA
freesolv,spectra_tanimoto,0.15_2_ensemble4,chemprop,0.15,NA
freesolv,spectra_tanimoto,0.20_0_ensemble4,chemprop,0.20,2.51491379737854
freesolv,spectra_tanimoto,0.20_1_ensemble4,chemprop,0.20,2.97210097312927
freesolv,spectra_tanimoto,0.20_2_ensemble4,chemprop,0.20,2.25414299964905
freesolv,spectra_tanimoto,0.25_0_ensemble4,chemprop,0.25,3.14181685447693
freesolv,spectra_tanimoto,0.25_1_ensemble4,chemprop,0.25,3.67160606384277
freesolv,spectra_tanimoto,0.25_2_ensemble4,chemprop,0.25,3.20660901069641
freesolv,spectra_tanimoto,0.30_0_ensemble4,chemprop,0.30,2.89897656440735
freesolv,spectra_tanimoto,0.30_1_ensemble4,chemprop,0.30,6.0492205619812
freesolv,spectra_tanimoto,0.30_2_ensemble4,chemprop,0.30,7.11979484558105
freesolv,spectra_tanimoto,0.35_0_ensemble4,chemprop,0.35,2.63663601875305
freesolv,spectra_tanimoto,0.35_1_ensemble4,chemprop,0.35,3.14982914924622
freesolv,spectra_tanimoto,0.35_2_ensemble4,chemprop,0.35,6.22877645492554
freesolv,spectra_tanimoto,0.40_0_ensemble4,chemprop,0.40,3.55030345916748
freesolv,spectra_tanimoto,0.40_1_ensemble4,chemprop,0.40,1.63329386711121
freesolv,spectra_tanimoto,0.40_2_ensemble4,chemprop,0.40,3.52590203285217
freesolv,spectra_tanimoto,0.45_0_ensemble4,chemprop,0.45,3.05179977416992
freesolv,spectra_tanimoto,0.45_1_ensemble4,chemprop,0.45,4.06246089935303
freesolv,spectra_tanimoto,0.45_2_ensemble4,chemprop,0.45,4.58482503890991
freesolv,spectra_tanimoto,0.50_0_ensemble4,chemprop,0.50,4.07661247253418
freesolv,spectra_tanimoto,0.50_1_ensemble4,chemprop,0.50,4.82844543457031
freesolv,spectra_tanimoto,0.50_2_ensemble4,chemprop,0.50,4.30392980575562
freesolv,spectra_tanimoto,0.55_0_ensemble4,chemprop,0.55,NA
freesolv,spectra_tanimoto,0.55_1_ensemble4,chemprop,0.55,4.11910343170166
freesolv,spectra_tanimoto,0.55_2_ensemble4,chemprop,0.55,4.2283878326416
freesolv,spectra_tanimoto,0.60_0_ensemble4,chemprop,0.60,4.06684684753418
freesolv,spectra_tanimoto,0.60_1_ensemble4,chemprop,0.60,NA
freesolv,spectra_tanimoto,0.60_2_ensemble4,chemprop,0.60,3.4607195854187
freesolv,spectra_tanimoto,0.65_0_ensemble4,chemprop,0.65,NA
freesolv,spectra_tanimoto,0.65_2_ensemble4,chemprop,0.65,NA
freesolv,spectra_tanimoto,0.70_0_ensemble4,chemprop,0.70,NA
freesolv,spectra_tanimoto,0.70_1_ensemble4,chemprop,0.70,NA
freesolv,spectra_tanimoto,0.70_2_ensemble4,chemprop,0.70,NA
freesolv,spectra_tanimoto,0.75_0_ensemble4,chemprop,0.75,NA
freesolv,spectra_tanimoto,0.75_1_ensemble4,chemprop,0.75,NA
freesolv,spectra_tanimoto,0.75_2_ensemble4,chemprop,0.75,NA
freesolv,spectra_tanimoto,0.80_0_ensemble4,chemprop,0.80,NA
freesolv,spectra_tanimoto,0.80_1_ensemble4,chemprop,0.80,NA
freesolv,spectra_tanimoto,0.80_2_ensemble4,chemprop,0.80,NA
freesolv,spectra_tanimoto,0.85_0_ensemble4,chemprop,0.85,NA
freesolv,spectra_tanimoto,0.85_1_ensemble4,chemprop,0.85,NA
freesolv,spectra_tanimoto,0.85_2_ensemble4,chemprop,0.85,NA
freesolv,spectra_tanimoto,0.90_0_ensemble4,chemprop,0.90,NA
freesolv,spectra_tanimoto,0.90_1_ensemble4,chemprop,0.90,NA
freesolv,spectra_tanimoto,0.90_2_ensemble4,chemprop,0.90,NA
freesolv,spectra_tanimoto,0.95_0_ensemble4,chemprop,0.95,NA
freesolv,spectra_tanimoto,0.95_1_ensemble4,chemprop,0.95,NA
freesolv,spectra_tanimoto,0.95_2_ensemble4,chemprop,0.95,NA
freesolv,spectra_tanimoto,1.00_0_ensemble4,chemprop,1.00,NA
freesolv,spectra_tanimoto,1.00_1_ensemble4,chemprop,1.00,NA
freesolv,spectra_tanimoto,1.00_2_ensemble4,chemprop,1.00,NA
freesolv,spectra_tanimoto,0.00_0_ensemble5,chemprop,0.00,1.3663649559021
freesolv,spectra_tanimoto,0.00_1_ensemble5,chemprop,0.00,1.20652937889099
freesolv,spectra_tanimoto,0.00_2_ensemble5,chemprop,0.00,1.51854050159454
freesolv,spectra_tanimoto,0.05_0_ensemble5,chemprop,0.05,1.31443023681641
freesolv,spectra_tanimoto,0.05_1_ensemble5,chemprop,0.05,1.27115905284882
freesolv,spectra_tanimoto,0.05_2_ensemble5,chemprop,0.05,1.28303647041321
freesolv,spectra_tanimoto,0.10_0_ensemble5,chemprop,0.10,1.79033517837524
freesolv,spectra_tanimoto,0.10_1_ensemble5,chemprop,0.10,1.76980948448181
freesolv,spectra_tanimoto,0.10_2_ensemble5,chemprop,0.10,1.64823532104492
freesolv,spectra_tanimoto,0.15_0_ensemble5,chemprop,0.15,1.37312304973602
freesolv,spectra_tanimoto,0.15_1_ensemble5,chemprop,0.15,NA
freesolv,spectra_tanimoto,0.15_2_ensemble5,chemprop,0.15,NA
freesolv,spectra_tanimoto,0.20_0_ensemble5,chemprop,0.20,4.43800497055054
freesolv,spectra_tanimoto,0.20_1_ensemble5,chemprop,0.20,2.34210920333862
freesolv,spectra_tanimoto,0.20_2_ensemble5,chemprop,0.20,3.83345317840576
freesolv,spectra_tanimoto,0.25_0_ensemble5,chemprop,0.25,2.29550957679749
freesolv,spectra_tanimoto,0.25_1_ensemble5,chemprop,0.25,4.53186178207397
freesolv,spectra_tanimoto,0.25_2_ensemble5,chemprop,0.25,3.51647424697876
freesolv,spectra_tanimoto,0.30_0_ensemble5,chemprop,0.30,2.48878788948059
freesolv,spectra_tanimoto,0.30_1_ensemble5,chemprop,0.30,6.22682332992554
freesolv,spectra_tanimoto,0.30_2_ensemble5,chemprop,0.30,4.87495851516724
freesolv,spectra_tanimoto,0.35_0_ensemble5,chemprop,0.35,4.39368486404419
freesolv,spectra_tanimoto,0.35_1_ensemble5,chemprop,0.35,3.0334963798523
freesolv,spectra_tanimoto,0.35_2_ensemble5,chemprop,0.35,6.79869890213013
freesolv,spectra_tanimoto,0.40_0_ensemble5,chemprop,0.40,3.68411111831665
freesolv,spectra_tanimoto,0.40_1_ensemble5,chemprop,0.40,3.1806333065033
freesolv,spectra_tanimoto,0.40_2_ensemble5,chemprop,0.40,3.10999488830566
freesolv,spectra_tanimoto,0.45_0_ensemble5,chemprop,0.45,3.05164647102356
freesolv,spectra_tanimoto,0.45_1_ensemble5,chemprop,0.45,3.68186902999878
freesolv,spectra_tanimoto,0.45_2_ensemble5,chemprop,0.45,4.59776782989502
freesolv,spectra_tanimoto,0.50_0_ensemble5,chemprop,0.50,4.3299355506897
freesolv,spectra_tanimoto,0.50_1_ensemble5,chemprop,0.50,4.23264980316162
freesolv,spectra_tanimoto,0.50_2_ensemble5,chemprop,0.50,3.92332935333252
freesolv,spectra_tanimoto,0.55_0_ensemble5,chemprop,0.55,NA
freesolv,spectra_tanimoto,0.55_1_ensemble5,chemprop,0.55,5.06619739532471
freesolv,spectra_tanimoto,0.55_2_ensemble5,chemprop,0.55,4.12233543395996
freesolv,spectra_tanimoto,0.60_0_ensemble5,chemprop,0.60,4.13163471221924
freesolv,spectra_tanimoto,0.60_1_ensemble5,chemprop,0.60,NA
freesolv,spectra_tanimoto,0.60_2_ensemble5,chemprop,0.60,3.65343332290649
freesolv,spectra_tanimoto,0.65_0_ensemble5,chemprop,0.65,NA
freesolv,spectra_tanimoto,0.65_2_ensemble5,chemprop,0.65,NA
freesolv,spectra_tanimoto,0.70_0_ensemble5,chemprop,0.70,NA
freesolv,spectra_tanimoto,0.70_1_ensemble5,chemprop,0.70,NA
freesolv,spectra_tanimoto,0.70_2_ensemble5,chemprop,0.70,NA
freesolv,spectra_tanimoto,0.75_0_ensemble5,chemprop,0.75,NA
freesolv,spectra_tanimoto,0.75_1_ensemble5,chemprop,0.75,NA
freesolv,spectra_tanimoto,0.75_2_ensemble5,chemprop,0.75,NA
freesolv,spectra_tanimoto,0.80_0_ensemble5,chemprop,0.80,NA
freesolv,spectra_tanimoto,0.80_1_ensemble5,chemprop,0.80,NA
freesolv,spectra_tanimoto,0.80_2_ensemble5,chemprop,0.80,NA
freesolv,spectra_tanimoto,0.85_0_ensemble5,chemprop,0.85,NA
freesolv,spectra_tanimoto,0.85_1_ensemble5,chemprop,0.85,NA
freesolv,spectra_tanimoto,0.85_2_ensemble5,chemprop,0.85,NA
freesolv,spectra_tanimoto,0.90_0_ensemble5,chemprop,0.90,NA
freesolv,spectra_tanimoto,0.90_1_ensemble5,chemprop,0.90,NA
freesolv,spectra_tanimoto,0.90_2_ensemble5,chemprop,0.90,NA
freesolv,spectra_tanimoto,0.95_0_ensemble5,chemprop,0.95,NA
freesolv,spectra_tanimoto,0.95_1_ensemble5,chemprop,0.95,NA
freesolv,spectra_tanimoto,0.95_2_ensemble5,chemprop,0.95,NA
freesolv,spectra_tanimoto,1.00_0_ensemble5,chemprop,1.00,NA
freesolv,spectra_tanimoto,1.00_1_ensemble5,chemprop,1.00,NA
freesolv,spectra_tanimoto,1.00_2_ensemble5,chemprop,1.00,NA
lipo,random,1_ensemble1,chemprop,NA,0.518110871315002
lipo,random,2_ensemble1,chemprop,NA,0.489685744047164
lipo,random,3_ensemble1,chemprop,NA,0.53364211320877
lipo,random,4_ensemble1,chemprop,NA,0.561621308326721
lipo,random,5_ensemble1,chemprop,NA,0.524756789207458
lipo,random,1_ensemble2,chemprop,NA,0.525553107261657
lipo,random,2_ensemble2,chemprop,NA,0.527527987957
lipo,random,3_ensemble2,chemprop,NA,0.536989688873291
lipo,random,4_ensemble2,chemprop,NA,0.553774714469909
lipo,random,5_ensemble2,chemprop,NA,0.556831061840057
lipo,random,1_ensemble3,chemprop,NA,0.512606382369995
lipo,random,2_ensemble3,chemprop,NA,0.514225244522094
lipo,random,3_ensemble3,chemprop,NA,0.53038740158081
lipo,random,4_ensemble3,chemprop,NA,0.589507639408111
lipo,random,5_ensemble3,chemprop,NA,0.529624938964843
lipo,random,1_ensemble4,chemprop,NA,0.516906559467315
lipo,random,2_ensemble4,chemprop,NA,0.499537289142608
lipo,random,3_ensemble4,chemprop,NA,0.538605391979217
lipo,random,4_ensemble4,chemprop,NA,0.53608751296997
lipo,random,5_ensemble4,chemprop,NA,0.530723512172699
lipo,random,1_ensemble5,chemprop,NA,0.518190205097198
lipo,random,2_ensemble5,chemprop,NA,0.504093468189239
lipo,random,3_ensemble5,chemprop,NA,0.543860256671905
lipo,random,4_ensemble5,chemprop,NA,0.540185809135437
lipo,random,5_ensemble5,chemprop,NA,0.523450434207916
lipo,scaffold,1_ensemble1,chemprop,NA,0.592043399810791
lipo,scaffold,2_ensemble1,chemprop,NA,0.576064229011536
lipo,scaffold,3_ensemble1,chemprop,NA,0.563348710536957
lipo,scaffold,4_ensemble1,chemprop,NA,0.529823660850525
lipo,scaffold,5_ensemble1,chemprop,NA,0.597339510917664
lipo,scaffold,1_ensemble2,chemprop,NA,0.579381763935089
lipo,scaffold,2_ensemble2,chemprop,NA,0.582228541374207
lipo,scaffold,3_ensemble2,chemprop,NA,0.524556457996368
lipo,scaffold,4_ensemble2,chemprop,NA,0.537876069545746
lipo,scaffold,5_ensemble2,chemprop,NA,0.595822036266327
lipo,scaffold,1_ensemble3,chemprop,NA,0.569706439971924
lipo,scaffold,2_ensemble3,chemprop,NA,0.592846930027008
lipo,scaffold,3_ensemble3,chemprop,NA,0.546767115592957
lipo,scaffold,4_ensemble3,chemprop,NA,0.569004237651825
lipo,scaffold,5_ensemble3,chemprop,NA,0.597363412380219
lipo,scaffold,1_ensemble4,chemprop,NA,0.568813800811768
lipo,scaffold,2_ensemble4,chemprop,NA,0.574661016464233
lipo,scaffold,3_ensemble4,chemprop,NA,0.522535085678101
lipo,scaffold,4_ensemble4,chemprop,NA,0.5621258020401
lipo,scaffold,5_ensemble4,chemprop,NA,0.58281660079956
lipo,scaffold,1_ensemble5,chemprop,NA,0.605300605297089
lipo,scaffold,2_ensemble5,chemprop,NA,0.553822875022888
lipo,scaffold,3_ensemble5,chemprop,NA,0.542329728603363
lipo,scaffold,4_ensemble5,chemprop,NA,0.556895673274994
lipo,scaffold,5_ensemble5,chemprop,NA,0.572364330291748
lipo,umap,1_ensemble1,chemprop,NA,0.575783491134643
lipo,umap,2_ensemble1,chemprop,NA,0.614715814590454
lipo,umap,3_ensemble1,chemprop,NA,0.578245282173156
lipo,umap,4_ensemble1,chemprop,NA,0.779821932315826
lipo,umap,5_ensemble1,chemprop,NA,0.711998879909515
lipo,umap,1_ensemble2,chemprop,NA,0.58295726776123
lipo,umap,2_ensemble2,chemprop,NA,0.65104728937149
lipo,umap,3_ensemble2,chemprop,NA,0.565759778022766
lipo,umap,4_ensemble2,chemprop,NA,0.847765088081359
lipo,umap,5_ensemble2,chemprop,NA,0.683267652988433
lipo,umap,1_ensemble3,chemprop,NA,0.579521238803863
lipo,umap,2_ensemble3,chemprop,NA,0.627151787281036
lipo,umap,3_ensemble3,chemprop,NA,0.5554780960083
lipo,umap,4_ensemble3,chemprop,NA,0.833760917186737
lipo,umap,5_ensemble3,chemprop,NA,0.716790318489074
lipo,umap,1_ensemble4,chemprop,NA,0.537987768650054
lipo,umap,2_ensemble4,chemprop,NA,0.62772125005722
lipo,umap,3_ensemble4,chemprop,NA,0.560251295566558
lipo,umap,4_ensemble4,chemprop,NA,0.943552911281585
lipo,umap,5_ensemble4,chemprop,NA,0.698799848556518
lipo,umap,1_ensemble5,chemprop,NA,0.585517764091491
lipo,umap,2_ensemble5,chemprop,NA,0.634850800037384
lipo,umap,3_ensemble5,chemprop,NA,0.567573487758636
lipo,umap,4_ensemble5,chemprop,NA,0.840684413909912
lipo,umap,5_ensemble5,chemprop,NA,0.718921899795532
lipo,spectra_tanimoto,0.00_0_ensemble1,chemprop,0.00,0.572105050086975
lipo,spectra_tanimoto,0.00_1_ensemble1,chemprop,0.00,0.541158556938171
lipo,spectra_tanimoto,0.00_2_ensemble1,chemprop,0.00,0.497204631567001
lipo,spectra_tanimoto,0.05_0_ensemble1,chemprop,0.05,0.720747709274292
lipo,spectra_tanimoto,0.05_1_ensemble1,chemprop,0.05,0.657838582992554
lipo,spectra_tanimoto,0.05_2_ensemble1,chemprop,0.05,0.793520510196686
lipo,spectra_tanimoto,0.10_0_ensemble1,chemprop,0.10,0.770003139972687
lipo,spectra_tanimoto,0.10_1_ensemble1,chemprop,0.10,0.807319521903992
lipo,spectra_tanimoto,0.10_2_ensemble1,chemprop,0.10,0.867180287837982
lipo,spectra_tanimoto,0.15_0_ensemble1,chemprop,0.15,1.02109110355377
lipo,spectra_tanimoto,0.15_1_ensemble1,chemprop,0.15,1.16234612464905
lipo,spectra_tanimoto,0.15_2_ensemble1,chemprop,0.15,1.09295415878296
lipo,spectra_tanimoto,0.20_0_ensemble1,chemprop,0.20,1.04049456119537
lipo,spectra_tanimoto,0.20_1_ensemble1,chemprop,0.20,1.2666312456131
lipo,spectra_tanimoto,0.20_2_ensemble1,chemprop,0.20,1.2052481174469
lipo,spectra_tanimoto,0.25_0_ensemble1,chemprop,0.25,1.28642082214355
lipo,spectra_tanimoto,0.25_1_ensemble1,chemprop,0.25,1.33208751678467
lipo,spectra_tanimoto,0.25_2_ensemble1,chemprop,0.25,1.25757014751434
lipo,spectra_tanimoto,0.30_0_ensemble1,chemprop,0.30,1.34728002548218
lipo,spectra_tanimoto,0.30_1_ensemble1,chemprop,0.30,0.971045434474945
lipo,spectra_tanimoto,0.30_2_ensemble1,chemprop,0.30,1.45527517795563
lipo,spectra_tanimoto,0.35_0_ensemble1,chemprop,0.35,1.16493725776672
lipo,spectra_tanimoto,0.35_1_ensemble1,chemprop,0.35,1.46594202518463
lipo,spectra_tanimoto,0.35_2_ensemble1,chemprop,0.35,1.60206413269043
lipo,spectra_tanimoto,0.40_0_ensemble1,chemprop,0.40,1.02198731899261
lipo,spectra_tanimoto,0.40_1_ensemble1,chemprop,0.40,1.29395818710327
lipo,spectra_tanimoto,0.40_2_ensemble1,chemprop,0.40,1.48401176929474
lipo,spectra_tanimoto,0.45_0_ensemble1,chemprop,0.45,1.71310091018677
lipo,spectra_tanimoto,0.45_1_ensemble1,chemprop,0.45,0.902538895606995
lipo,spectra_tanimoto,0.45_2_ensemble1,chemprop,0.45,1.22926914691925
lipo,spectra_tanimoto,0.50_0_ensemble1,chemprop,0.50,1.14598834514618
lipo,spectra_tanimoto,0.50_1_ensemble1,chemprop,0.50,1.07830941677094
lipo,spectra_tanimoto,0.50_2_ensemble1,chemprop,0.50,1.0977680683136
lipo,spectra_tanimoto,0.55_0_ensemble1,chemprop,0.55,1.10926651954651
lipo,spectra_tanimoto,0.55_1_ensemble1,chemprop,0.55,1.38545632362366
lipo,spectra_tanimoto,0.55_2_ensemble1,chemprop,0.55,1.06822514533997
lipo,spectra_tanimoto,0.60_0_ensemble1,chemprop,0.60,1.40972912311554
lipo,spectra_tanimoto,0.60_1_ensemble1,chemprop,0.60,0.704102694988251
lipo,spectra_tanimoto,0.60_2_ensemble1,chemprop,0.60,1.02802217006683
lipo,spectra_tanimoto,0.65_0_ensemble1,chemprop,0.65,1.44174587726593
lipo,spectra_tanimoto,0.65_1_ensemble1,chemprop,0.65,1.10225224494934
lipo,spectra_tanimoto,0.65_2_ensemble1,chemprop,0.65,1.37159168720245
lipo,spectra_tanimoto,0.70_0_ensemble1,chemprop,0.70,1.83761501312256
lipo,spectra_tanimoto,0.70_1_ensemble1,chemprop,0.70,1.22680413722992
lipo,spectra_tanimoto,0.70_2_ensemble1,chemprop,0.70,1.26807463169098
lipo,spectra_tanimoto,0.75_0_ensemble1,chemprop,0.75,0.78151798248291
lipo,spectra_tanimoto,0.75_1_ensemble1,chemprop,0.75,NA
lipo,spectra_tanimoto,0.75_2_ensemble1,chemprop,0.75,1.8046008348465
lipo,spectra_tanimoto,0.80_0_ensemble1,chemprop,0.80,NA
lipo,spectra_tanimoto,0.80_1_ensemble1,chemprop,0.80,NA
lipo,spectra_tanimoto,0.80_2_ensemble1,chemprop,0.80,NA
lipo,spectra_tanimoto,0.85_0_ensemble1,chemprop,0.85,NA
lipo,spectra_tanimoto,0.85_1_ensemble1,chemprop,0.85,NA
lipo,spectra_tanimoto,0.85_2_ensemble1,chemprop,0.85,NA
lipo,spectra_tanimoto,0.90_0_ensemble1,chemprop,0.90,NA
lipo,spectra_tanimoto,0.90_1_ensemble1,chemprop,0.90,NA
lipo,spectra_tanimoto,0.90_2_ensemble1,chemprop,0.90,NA
lipo,spectra_tanimoto,0.95_1_ensemble1,chemprop,0.95,NA
lipo,spectra_tanimoto,0.95_2_ensemble1,chemprop,0.95,NA
lipo,spectra_tanimoto,0.00_0_ensemble2,chemprop,0.00,0.583640873432159
lipo,spectra_tanimoto,0.00_1_ensemble2,chemprop,0.00,0.553290367126465
lipo,spectra_tanimoto,0.00_2_ensemble2,chemprop,0.00,0.463021457195282
lipo,spectra_tanimoto,0.05_0_ensemble2,chemprop,0.05,0.725463569164276
lipo,spectra_tanimoto,0.05_1_ensemble2,chemprop,0.05,0.705233216285706
lipo,spectra_tanimoto,0.05_2_ensemble2,chemprop,0.05,0.811466157436371
lipo,spectra_tanimoto,0.10_0_ensemble2,chemprop,0.10,0.733010530471802
lipo,spectra_tanimoto,0.10_1_ensemble2,chemprop,0.10,0.758713245391846
lipo,spectra_tanimoto,0.10_2_ensemble2,chemprop,0.10,0.746616125106812
lipo,spectra_tanimoto,0.15_0_ensemble2,chemprop,0.15,0.967439413070679
lipo,spectra_tanimoto,0.15_1_ensemble2,chemprop,0.15,1.0778044462204
lipo,spectra_tanimoto,0.15_2_ensemble2,chemprop,0.15,1.14483237266541
lipo,spectra_tanimoto,0.20_0_ensemble2,chemprop,0.20,1.07727611064911
lipo,spectra_tanimoto,0.20_1_ensemble2,chemprop,0.20,1.25073397159576
lipo,spectra_tanimoto,0.20_2_ensemble2,chemprop,0.20,1.18760430812836
lipo,spectra_tanimoto,0.25_0_ensemble2,chemprop,0.25,1.30204153060913
lipo,spectra_tanimoto,0.25_1_ensemble2,chemprop,0.25,1.3358256816864
lipo,spectra_tanimoto,0.25_2_ensemble2,chemprop,0.25,1.13126695156097
lipo,spectra_tanimoto,0.30_0_ensemble2,chemprop,0.30,1.26792812347412
lipo,spectra_tanimoto,0.30_1_ensemble2,chemprop,0.30,1.03754019737244
lipo,spectra_tanimoto,0.30_2_ensemble2,chemprop,0.30,1.37216281890869
lipo,spectra_tanimoto,0.35_0_ensemble2,chemprop,0.35,1.16139662265778
lipo,spectra_tanimoto,0.35_1_ensemble2,chemprop,0.35,1.35715866088867
lipo,spectra_tanimoto,0.35_2_ensemble2,chemprop,0.35,1.59247279167175
lipo,spectra_tanimoto,0.40_0_ensemble2,chemprop,0.40,0.965444624423981
lipo,spectra_tanimoto,0.40_1_ensemble2,chemprop,0.40,1.29546415805817
lipo,spectra_tanimoto,0.40_2_ensemble2,chemprop,0.40,1.48908460140228
lipo,spectra_tanimoto,0.45_0_ensemble2,chemprop,0.45,1.72404754161835
lipo,spectra_tanimoto,0.45_1_ensemble2,chemprop,0.45,0.914898812770844
lipo,spectra_tanimoto,0.45_2_ensemble2,chemprop,0.45,1.23558938503265
lipo,spectra_tanimoto,0.50_0_ensemble2,chemprop,0.50,1.15913224220276
lipo,spectra_tanimoto,0.50_1_ensemble2,chemprop,0.50,1.10350751876831
lipo,spectra_tanimoto,0.50_2_ensemble2,chemprop,0.50,1.11460471153259
lipo,spectra_tanimoto,0.55_0_ensemble2,chemprop,0.55,1.27752077579498
lipo,spectra_tanimoto,0.55_1_ensemble2,chemprop,0.55,1.38532149791718
lipo,spectra_tanimoto,0.55_2_ensemble2,chemprop,0.55,1.00051510334015
lipo,spectra_tanimoto,0.60_0_ensemble2,chemprop,0.60,1.39795196056366
lipo,spectra_tanimoto,0.60_1_ensemble2,chemprop,0.60,0.665567219257355
lipo,spectra_tanimoto,0.60_2_ensemble2,chemprop,0.60,0.945683896541596
lipo,spectra_tanimoto,0.65_0_ensemble2,chemprop,0.65,1.37215626239777
lipo,spectra_tanimoto,0.65_1_ensemble2,chemprop,0.65,1.09207653999329
lipo,spectra_tanimoto,0.65_2_ensemble2,chemprop,0.65,1.30122852325439
lipo,spectra_tanimoto,0.70_0_ensemble2,chemprop,0.70,2.72575068473816
lipo,spectra_tanimoto,0.70_1_ensemble2,chemprop,0.70,1.24590837955475
lipo,spectra_tanimoto,0.70_2_ensemble2,chemprop,0.70,1.08880436420441
lipo,spectra_tanimoto,0.75_0_ensemble2,chemprop,0.75,0.884679734706879
lipo,spectra_tanimoto,0.75_1_ensemble2,chemprop,0.75,NA
lipo,spectra_tanimoto,0.75_2_ensemble2,chemprop,0.75,1.7586795091629
lipo,spectra_tanimoto,0.80_0_ensemble2,chemprop,0.80,NA
lipo,spectra_tanimoto,0.80_1_ensemble2,chemprop,0.80,NA
lipo,spectra_tanimoto,0.80_2_ensemble2,chemprop,0.80,NA
lipo,spectra_tanimoto,0.85_0_ensemble2,chemprop,0.85,NA
lipo,spectra_tanimoto,0.85_1_ensemble2,chemprop,0.85,NA
lipo,spectra_tanimoto,0.85_2_ensemble2,chemprop,0.85,NA
lipo,spectra_tanimoto,0.90_0_ensemble2,chemprop,0.90,NA
lipo,spectra_tanimoto,0.90_1_ensemble2,chemprop,0.90,NA
lipo,spectra_tanimoto,0.90_2_ensemble2,chemprop,0.90,NA
lipo,spectra_tanimoto,0.95_1_ensemble2,chemprop,0.95,NA
lipo,spectra_tanimoto,0.95_2_ensemble2,chemprop,0.95,NA
lipo,spectra_tanimoto,0.00_0_ensemble3,chemprop,0.00,0.63782811164856
lipo,spectra_tanimoto,0.00_1_ensemble3,chemprop,0.00,0.540537297725677
lipo,spectra_tanimoto,0.00_2_ensemble3,chemprop,0.00,0.478894770145416
lipo,spectra_tanimoto,0.05_0_ensemble3,chemprop,0.05,0.71210503578186
lipo,spectra_tanimoto,0.05_1_ensemble3,chemprop,0.05,0.704093396663666
lipo,spectra_tanimoto,0.05_2_ensemble3,chemprop,0.05,0.868941307067871
lipo,spectra_tanimoto,0.10_0_ensemble3,chemprop,0.10,0.700605988502502
lipo,spectra_tanimoto,0.10_1_ensemble3,chemprop,0.10,0.808837890625
lipo,spectra_tanimoto,0.10_2_ensemble3,chemprop,0.10,0.919240415096283
lipo,spectra_tanimoto,0.15_0_ensemble3,chemprop,0.15,0.980629146099091
lipo,spectra_tanimoto,0.15_1_ensemble3,chemprop,0.15,1.07091081142426
lipo,spectra_tanimoto,0.15_2_ensemble3,chemprop,0.15,1.01022064685822
lipo,spectra_tanimoto,0.20_0_ensemble3,chemprop,0.20,1.18654441833496
lipo,spectra_tanimoto,0.20_1_ensemble3,chemprop,0.20,1.28187847137451
lipo,spectra_tanimoto,0.20_2_ensemble3,chemprop,0.20,1.14995455741882
lipo,spectra_tanimoto,0.25_0_ensemble3,chemprop,0.25,1.48677611351013
lipo,spectra_tanimoto,0.25_1_ensemble3,chemprop,0.25,1.30889844894409
lipo,spectra_tanimoto,0.25_2_ensemble3,chemprop,0.25,1.22312200069427
lipo,spectra_tanimoto,0.30_0_ensemble3,chemprop,0.30,1.29462110996246
lipo,spectra_tanimoto,0.30_1_ensemble3,chemprop,0.30,1.08033108711243
lipo,spectra_tanimoto,0.30_2_ensemble3,chemprop,0.30,1.38718855381012
lipo,spectra_tanimoto,0.35_0_ensemble3,chemprop,0.35,1.4211859703064
lipo,spectra_tanimoto,0.35_1_ensemble3,chemprop,0.35,1.50838422775269
lipo,spectra_tanimoto,0.35_2_ensemble3,chemprop,0.35,1.61638033390045
lipo,spectra_tanimoto,0.40_0_ensemble3,chemprop,0.40,1.08401715755463
lipo,spectra_tanimoto,0.40_1_ensemble3,chemprop,0.40,1.2929310798645
lipo,spectra_tanimoto,0.40_2_ensemble3,chemprop,0.40,1.49671602249146
lipo,spectra_tanimoto,0.45_0_ensemble3,chemprop,0.45,1.6748708486557
lipo,spectra_tanimoto,0.45_1_ensemble3,chemprop,0.45,0.896357834339142
lipo,spectra_tanimoto,0.45_2_ensemble3,chemprop,0.45,1.22057712078094
lipo,spectra_tanimoto,0.50_0_ensemble3,chemprop,0.50,1.15430307388306
lipo,spectra_tanimoto,0.50_1_ensemble3,chemprop,0.50,1.09324502944946
lipo,spectra_tanimoto,0.50_2_ensemble3,chemprop,0.50,1.08163487911224
lipo,spectra_tanimoto,0.55_0_ensemble3,chemprop,0.55,1.13394141197205
lipo,spectra_tanimoto,0.55_1_ensemble3,chemprop,0.55,1.38641154766083
lipo,spectra_tanimoto,0.55_2_ensemble3,chemprop,0.55,1.06877446174622
lipo,spectra_tanimoto,0.60_0_ensemble3,chemprop,0.60,1.42489039897919
lipo,spectra_tanimoto,0.60_1_ensemble3,chemprop,0.60,0.64565646648407
lipo,spectra_tanimoto,0.60_2_ensemble3,chemprop,0.60,0.986693739891052
lipo,spectra_tanimoto,0.65_0_ensemble3,chemprop,0.65,1.33375692367554
lipo,spectra_tanimoto,0.65_1_ensemble3,chemprop,0.65,1.11932921409607
lipo,spectra_tanimoto,0.65_2_ensemble3,chemprop,0.65,1.2867716550827
lipo,spectra_tanimoto,0.70_0_ensemble3,chemprop,0.70,1.88653814792633
lipo,spectra_tanimoto,0.70_1_ensemble3,chemprop,0.70,1.1928836107254
lipo,spectra_tanimoto,0.70_2_ensemble3,chemprop,0.70,1.05223488807678
lipo,spectra_tanimoto,0.75_0_ensemble3,chemprop,0.75,0.819023549556732
lipo,spectra_tanimoto,0.75_1_ensemble3,chemprop,0.75,NA
lipo,spectra_tanimoto,0.75_2_ensemble3,chemprop,0.75,1.8375791311264
lipo,spectra_tanimoto,0.80_0_ensemble3,chemprop,0.80,NA
lipo,spectra_tanimoto,0.80_1_ensemble3,chemprop,0.80,NA
lipo,spectra_tanimoto,0.80_2_ensemble3,chemprop,0.80,NA
lipo,spectra_tanimoto,0.85_0_ensemble3,chemprop,0.85,NA
lipo,spectra_tanimoto,0.85_1_ensemble3,chemprop,0.85,NA
lipo,spectra_tanimoto,0.85_2_ensemble3,chemprop,0.85,NA
lipo,spectra_tanimoto,0.90_0_ensemble3,chemprop,0.90,NA
lipo,spectra_tanimoto,0.90_1_ensemble3,chemprop,0.90,NA
lipo,spectra_tanimoto,0.90_2_ensemble3,chemprop,0.90,NA
lipo,spectra_tanimoto,0.95_1_ensemble3,chemprop,0.95,NA
lipo,spectra_tanimoto,0.95_2_ensemble3,chemprop,0.95,NA
lipo,spectra_tanimoto,0.00_0_ensemble4,chemprop,0.00,0.574935019016266
lipo,spectra_tanimoto,0.00_1_ensemble4,chemprop,0.00,0.547530651092529
lipo,spectra_tanimoto,0.00_2_ensemble4,chemprop,0.00,0.466588854789734
lipo,spectra_tanimoto,0.05_0_ensemble4,chemprop,0.05,0.72891765832901
lipo,spectra_tanimoto,0.05_1_ensemble4,chemprop,0.05,0.744498372077942
lipo,spectra_tanimoto,0.05_2_ensemble4,chemprop,0.05,0.838429749011993
lipo,spectra_tanimoto,0.10_0_ensemble4,chemprop,0.10,0.71441262960434
lipo,spectra_tanimoto,0.10_1_ensemble4,chemprop,0.10,0.748799502849579
lipo,spectra_tanimoto,0.10_2_ensemble4,chemprop,0.10,0.825229704380035
lipo,spectra_tanimoto,0.15_0_ensemble4,chemprop,0.15,0.896320641040802
lipo,spectra_tanimoto,0.15_1_ensemble4,chemprop,0.15,1.09000945091248
lipo,spectra_tanimoto,0.15_2_ensemble4,chemprop,0.15,1.03312122821808
lipo,spectra_tanimoto,0.20_0_ensemble4,chemprop,0.20,1.158203125
lipo,spectra_tanimoto,0.20_1_ensemble4,chemprop,0.20,1.26091313362122
lipo,spectra_tanimoto,0.20_2_ensemble4,chemprop,0.20,1.19082546234131
lipo,spectra_tanimoto,0.25_0_ensemble4,chemprop,0.25,1.28944027423859
lipo,spectra_tanimoto,0.25_1_ensemble4,chemprop,0.25,1.32848715782166
lipo,spectra_tanimoto,0.25_2_ensemble4,chemprop,0.25,1.16078579425812
lipo,spectra_tanimoto,0.30_0_ensemble4,chemprop,0.30,1.30520534515381
lipo,spectra_tanimoto,0.30_1_ensemble4,chemprop,0.30,1.02358615398407
lipo,spectra_tanimoto,0.30_2_ensemble4,chemprop,0.30,1.13944959640503
lipo,spectra_tanimoto,0.35_0_ensemble4,chemprop,0.35,1.14497578144073
lipo,spectra_tanimoto,0.35_1_ensemble4,chemprop,0.35,1.48354399204254
lipo,spectra_tanimoto,0.35_2_ensemble4,chemprop,0.35,1.60421943664551
lipo,spectra_tanimoto,0.40_0_ensemble4,chemprop,0.40,0.972318232059479
lipo,spectra_tanimoto,0.40_1_ensemble4,chemprop,0.40,1.29275524616241
lipo,spectra_tanimoto,0.40_2_ensemble4,chemprop,0.40,1.48898911476135
lipo,spectra_tanimoto,0.45_0_ensemble4,chemprop,0.45,1.83396065235138
lipo,spectra_tanimoto,0.45_1_ensemble4,chemprop,0.45,0.896307647228241
lipo,spectra_tanimoto,0.45_2_ensemble4,chemprop,0.45,1.2219295501709
lipo,spectra_tanimoto,0.50_0_ensemble4,chemprop,0.50,1.16179251670837
lipo,spectra_tanimoto,0.50_1_ensemble4,chemprop,0.50,1.11323261260986
lipo,spectra_tanimoto,0.50_2_ensemble4,chemprop,0.50,1.07937669754028
lipo,spectra_tanimoto,0.55_0_ensemble4,chemprop,0.55,1.11089253425598
lipo,spectra_tanimoto,0.55_1_ensemble4,chemprop,0.55,1.38635277748108
lipo,spectra_tanimoto,0.55_2_ensemble4,chemprop,0.55,1.07969498634338
lipo,spectra_tanimoto,0.60_0_ensemble4,chemprop,0.60,1.42844390869141
lipo,spectra_tanimoto,0.60_1_ensemble4,chemprop,0.60,0.698291420936584
lipo,spectra_tanimoto,0.60_2_ensemble4,chemprop,0.60,1.01209700107574
lipo,spectra_tanimoto,0.65_0_ensemble4,chemprop,0.65,1.34056115150452
lipo,spectra_tanimoto,0.65_1_ensemble4,chemprop,0.65,1.48672664165497
lipo,spectra_tanimoto,0.65_2_ensemble4,chemprop,0.65,1.39122068881989
lipo,spectra_tanimoto,0.70_0_ensemble4,chemprop,0.70,1.8777049779892
lipo,spectra_tanimoto,0.70_1_ensemble4,chemprop,0.70,1.19715285301208
lipo,spectra_tanimoto,0.70_2_ensemble4,chemprop,0.70,1.2520318031311
lipo,spectra_tanimoto,0.75_0_ensemble4,chemprop,0.75,0.844293296337128
lipo,spectra_tanimoto,0.75_1_ensemble4,chemprop,0.75,NA
lipo,spectra_tanimoto,0.75_2_ensemble4,chemprop,0.75,1.83326458930969
lipo,spectra_tanimoto,0.80_0_ensemble4,chemprop,0.80,NA
lipo,spectra_tanimoto,0.80_1_ensemble4,chemprop,0.80,NA
lipo,spectra_tanimoto,0.80_2_ensemble4,chemprop,0.80,NA
lipo,spectra_tanimoto,0.85_0_ensemble4,chemprop,0.85,NA
lipo,spectra_tanimoto,0.85_1_ensemble4,chemprop,0.85,NA
lipo,spectra_tanimoto,0.85_2_ensemble4,chemprop,0.85,NA
lipo,spectra_tanimoto,0.90_0_ensemble4,chemprop,0.90,NA
lipo,spectra_tanimoto,0.90_1_ensemble4,chemprop,0.90,NA
lipo,spectra_tanimoto,0.90_2_ensemble4,chemprop,0.90,NA
lipo,spectra_tanimoto,0.95_1_ensemble4,chemprop,0.95,NA
lipo,spectra_tanimoto,0.95_2_ensemble4,chemprop,0.95,NA
lipo,spectra_tanimoto,0.00_0_ensemble5,chemprop,0.00,0.586951971054077
lipo,spectra_tanimoto,0.00_1_ensemble5,chemprop,0.00,0.530908346176147
lipo,spectra_tanimoto,0.00_2_ensemble5,chemprop,0.00,0.463862746953964
lipo,spectra_tanimoto,0.05_0_ensemble5,chemprop,0.05,0.748478949069977
lipo,spectra_tanimoto,0.05_1_ensemble5,chemprop,0.05,0.710969984531403
lipo,spectra_tanimoto,0.05_2_ensemble5,chemprop,0.05,0.786106884479523
lipo,spectra_tanimoto,0.10_0_ensemble5,chemprop,0.10,0.777112901210785
lipo,spectra_tanimoto,0.10_1_ensemble5,chemprop,0.10,0.762223124504089
lipo,spectra_tanimoto,0.10_2_ensemble5,chemprop,0.10,0.784851551055908
lipo,spectra_tanimoto,0.15_0_ensemble5,chemprop,0.15,1.10350716114044
lipo,spectra_tanimoto,0.15_1_ensemble5,chemprop,0.15,1.07464206218719
lipo,spectra_tanimoto,0.15_2_ensemble5,chemprop,0.15,1.03853571414948
lipo,spectra_tanimoto,0.20_0_ensemble5,chemprop,0.20,1.15595018863678
lipo,spectra_tanimoto,0.20_1_ensemble5,chemprop,0.20,1.31260108947754
lipo,spectra_tanimoto,0.20_2_ensemble5,chemprop,0.20,1.18937492370605
lipo,spectra_tanimoto,0.25_0_ensemble5,chemprop,0.25,1.39177048206329
lipo,spectra_tanimoto,0.25_1_ensemble5,chemprop,0.25,1.33152878284454
lipo,spectra_tanimoto,0.25_2_ensemble5,chemprop,0.25,1.20829153060913
lipo,spectra_tanimoto,0.30_0_ensemble5,chemprop,0.30,1.32654249668121
lipo,spectra_tanimoto,0.30_1_ensemble5,chemprop,0.30,0.986612737178802
lipo,spectra_tanimoto,0.30_2_ensemble5,chemprop,0.30,1.43255233764648
lipo,spectra_tanimoto,0.35_0_ensemble5,chemprop,0.35,1.15496718883514
lipo,spectra_tanimoto,0.35_1_ensemble5,chemprop,0.35,1.58159375190735
lipo,spectra_tanimoto,0.35_2_ensemble5,chemprop,0.35,1.59339237213135
lipo,spectra_tanimoto,0.40_0_ensemble5,chemprop,0.40,1.19205594062805
lipo,spectra_tanimoto,0.40_1_ensemble5,chemprop,0.40,1.29700422286987
lipo,spectra_tanimoto,0.40_2_ensemble5,chemprop,0.40,1.48303651809692
lipo,spectra_tanimoto,0.45_0_ensemble5,chemprop,0.45,1.99383997917175
lipo,spectra_tanimoto,0.45_1_ensemble5,chemprop,0.45,0.91556453704834
lipo,spectra_tanimoto,0.45_2_ensemble5,chemprop,0.45,1.23615086078644
lipo,spectra_tanimoto,0.50_0_ensemble5,chemprop,0.50,1.14972341060638
lipo,spectra_tanimoto,0.50_1_ensemble5,chemprop,0.50,1.10036218166351
lipo,spectra_tanimoto,0.50_2_ensemble5,chemprop,0.50,1.11517071723938
lipo,spectra_tanimoto,0.55_0_ensemble5,chemprop,0.55,1.19044280052185
lipo,spectra_tanimoto,0.55_1_ensemble5,chemprop,0.55,1.38543224334717
lipo,spectra_tanimoto,0.55_2_ensemble5,chemprop,0.55,1.11299681663513
lipo,spectra_tanimoto,0.60_0_ensemble5,chemprop,0.60,1.39703118801117
lipo,spectra_tanimoto,0.60_1_ensemble5,chemprop,0.60,0.723830997943878
lipo,spectra_tanimoto,0.60_2_ensemble5,chemprop,0.60,0.994578957557678
lipo,spectra_tanimoto,0.65_0_ensemble5,chemprop,0.65,1.47871708869934
lipo,spectra_tanimoto,0.65_1_ensemble5,chemprop,0.65,1.18159198760986
lipo,spectra_tanimoto,0.65_2_ensemble5,chemprop,0.65,1.56097483634949
lipo,spectra_tanimoto,0.70_0_ensemble5,chemprop,0.70,1.84532535076141
lipo,spectra_tanimoto,0.70_1_ensemble5,chemprop,0.70,1.24700963497162
lipo,spectra_tanimoto,0.70_2_ensemble5,chemprop,0.70,1.15941023826599
lipo,spectra_tanimoto,0.75_0_ensemble5,chemprop,0.75,1.08539938926697
lipo,spectra_tanimoto,0.75_1_ensemble5,chemprop,0.75,NA
lipo,spectra_tanimoto,0.75_2_ensemble5,chemprop,0.75,1.79126298427582
lipo,spectra_tanimoto,0.80_0_ensemble5,chemprop,0.80,NA
lipo,spectra_tanimoto,0.80_1_ensemble5,chemprop,0.80,NA
lipo,spectra_tanimoto,0.80_2_ensemble5,chemprop,0.80,NA
lipo,spectra_tanimoto,0.85_0_ensemble5,chemprop,0.85,NA
lipo,spectra_tanimoto,0.85_1_ensemble5,chemprop,0.85,NA
lipo,spectra_tanimoto,0.85_2_ensemble5,chemprop,0.85,NA
lipo,spectra_tanimoto,0.90_0_ensemble5,chemprop,0.90,NA
lipo,spectra_tanimoto,0.90_1_ensemble5,chemprop,0.90,NA
lipo,spectra_tanimoto,0.90_2_ensemble5,chemprop,0.90,NA
lipo,spectra_tanimoto,0.95_1_ensemble5,chemprop,0.95,NA
lipo,spectra_tanimoto,0.95_2_ensemble5,chemprop,0.95,NA
sider,random,1_ensemble1,chemprop,NA,0.601358532905578
sider,random,2_ensemble1,chemprop,NA,0.615515232086181
sider,random,3_ensemble1,chemprop,NA,0.583857059478759
sider,random,4_ensemble1,chemprop,NA,0.60052353143692
sider,random,5_ensemble1,chemprop,NA,0.567643463611602
sider,random,1_ensemble2,chemprop,NA,0.586158990859985
sider,random,2_ensemble2,chemprop,NA,0.604960143566131
sider,random,3_ensemble2,chemprop,NA,0.57504516839981
sider,random,4_ensemble2,chemprop,NA,0.601432800292968
sider,random,5_ensemble2,chemprop,NA,0.565942525863647
sider,random,1_ensemble3,chemprop,NA,0.621468842029571
sider,random,2_ensemble3,chemprop,NA,0.597945272922515
sider,random,3_ensemble3,chemprop,NA,0.570532619953155
sider,random,4_ensemble3,chemprop,NA,0.61106389760971
sider,random,5_ensemble3,chemprop,NA,0.5555881857872
sider,random,1_ensemble4,chemprop,NA,0.585493445396423
sider,random,2_ensemble4,chemprop,NA,0.602949440479278
sider,random,3_ensemble4,chemprop,NA,0.588464081287384
sider,random,4_ensemble4,chemprop,NA,0.598070800304412
sider,random,5_ensemble4,chemprop,NA,0.563402473926544
sider,random,1_ensemble5,chemprop,NA,0.583390772342681
sider,random,2_ensemble5,chemprop,NA,0.616443336009979
sider,random,3_ensemble5,chemprop,NA,0.583436906337738
sider,random,4_ensemble5,chemprop,NA,0.605134725570678
sider,random,5_ensemble5,chemprop,NA,0.563740313053131
sider,scaffold,1_ensemble1,chemprop,NA,0.551218330860138
sider,scaffold,2_ensemble1,chemprop,NA,0.607872545719147
sider,scaffold,3_ensemble1,chemprop,NA,0.60274088382721
sider,scaffold,4_ensemble1,chemprop,NA,0.571140944957733
sider,scaffold,5_ensemble1,chemprop,NA,0.622250080108643
sider,scaffold,1_ensemble2,chemprop,NA,0.530291616916656
sider,scaffold,2_ensemble2,chemprop,NA,0.604321658611298
sider,scaffold,3_ensemble2,chemprop,NA,0.614672839641571
sider,scaffold,4_ensemble2,chemprop,NA,0.552060008049011
sider,scaffold,5_ensemble2,chemprop,NA,0.574002504348755
sider,scaffold,1_ensemble3,chemprop,NA,0.55152040719986
sider,scaffold,2_ensemble3,chemprop,NA,0.593211591243744
sider,scaffold,3_ensemble3,chemprop,NA,0.615028500556946
sider,scaffold,4_ensemble3,chemprop,NA,0.567495584487915
sider,scaffold,5_ensemble3,chemprop,NA,0.605153381824493
sider,scaffold,1_ensemble4,chemprop,NA,0.5445197224617
sider,scaffold,2_ensemble4,chemprop,NA,0.579614579677582
sider,scaffold,3_ensemble4,chemprop,NA,0.605208873748779
sider,scaffold,4_ensemble4,chemprop,NA,0.543386220932007
sider,scaffold,5_ensemble4,chemprop,NA,0.585468351840973
sider,scaffold,1_ensemble5,chemprop,NA,0.566830217838287
sider,scaffold,2_ensemble5,chemprop,NA,0.585541307926178
sider,scaffold,3_ensemble5,chemprop,NA,0.56984144449234
sider,scaffold,4_ensemble5,chemprop,NA,0.535149455070496
sider,scaffold,5_ensemble5,chemprop,NA,0.542248070240021
sider,umap,1_ensemble1,chemprop,NA,0.611246645450592
sider,umap,2_ensemble1,chemprop,NA,0.562501430511474
sider,umap,3_ensemble1,chemprop,NA,0.558541357517242
sider,umap,4_ensemble1,chemprop,NA,0.576921939849853
sider,umap,5_ensemble1,chemprop,NA,0.596271812915802
sider,umap,1_ensemble2,chemprop,NA,0.590702414512634
sider,umap,2_ensemble2,chemprop,NA,0.571021914482116
sider,umap,3_ensemble2,chemprop,NA,0.585233211517334
sider,umap,4_ensemble2,chemprop,NA,0.57728511095047
sider,umap,5_ensemble2,chemprop,NA,0.590260088443756
sider,umap,1_ensemble3,chemprop,NA,0.597451746463775
sider,umap,2_ensemble3,chemprop,NA,0.573172509670257
sider,umap,3_ensemble3,chemprop,NA,0.574933886528015
sider,umap,4_ensemble3,chemprop,NA,0.577974736690521
sider,umap,5_ensemble3,chemprop,NA,0.592890202999115
sider,umap,1_ensemble4,chemprop,NA,0.597526609897613
sider,umap,2_ensemble4,chemprop,NA,0.556118428707122
sider,umap,3_ensemble4,chemprop,NA,0.521901488304138
sider,umap,4_ensemble4,chemprop,NA,0.570424318313598
sider,umap,5_ensemble4,chemprop,NA,0.573469996452331
sider,umap,1_ensemble5,chemprop,NA,0.610674023628234
sider,umap,2_ensemble5,chemprop,NA,0.554491460323333
sider,umap,3_ensemble5,chemprop,NA,0.533952474594116
sider,umap,4_ensemble5,chemprop,NA,0.570996224880218
sider,umap,5_ensemble5,chemprop,NA,0.59926027059555
sider,spectra_tanimoto,0.00_0_ensemble1,chemprop,0.00,0.57562118768692
sider,spectra_tanimoto,0.00_1_ensemble1,chemprop,0.00,0.621826171875
sider,spectra_tanimoto,0.00_2_ensemble1,chemprop,0.00,0.611501812934875
sider,spectra_tanimoto,0.05_0_ensemble1,chemprop,0.05,0.554988026618958
sider,spectra_tanimoto,0.05_1_ensemble1,chemprop,0.05,0.540138781070709
sider,spectra_tanimoto,0.05_2_ensemble1,chemprop,0.05,0.546617984771729
sider,spectra_tanimoto,0.10_0_ensemble1,chemprop,0.10,0.533206224441528
sider,spectra_tanimoto,0.10_1_ensemble1,chemprop,0.10,0.564458131790161
sider,spectra_tanimoto,0.10_2_ensemble1,chemprop,0.10,0.618432521820068
sider,spectra_tanimoto,0.15_0_ensemble1,chemprop,0.15,0.564118921756744
sider,spectra_tanimoto,0.15_1_ensemble1,chemprop,0.15,0.56521999835968
sider,spectra_tanimoto,0.15_2_ensemble1,chemprop,0.15,0.621796548366547
sider,spectra_tanimoto,0.20_0_ensemble1,chemprop,0.20,0.581875324249268
sider,spectra_tanimoto,0.20_1_ensemble1,chemprop,0.20,0.531717598438263
sider,spectra_tanimoto,0.20_2_ensemble1,chemprop,0.20,0.559468924999237
sider,spectra_tanimoto,0.25_0_ensemble1,chemprop,0.25,0.588206768035889
sider,spectra_tanimoto,0.25_1_ensemble1,chemprop,0.25,0.505869448184967
sider,spectra_tanimoto,0.25_2_ensemble1,chemprop,0.25,0.620319902896881
sider,spectra_tanimoto,0.30_0_ensemble1,chemprop,0.30,0.563171446323395
sider,spectra_tanimoto,0.30_1_ensemble1,chemprop,0.30,0.514618754386902
sider,spectra_tanimoto,0.30_2_ensemble1,chemprop,0.30,0.593307852745056
sider,spectra_tanimoto,0.35_0_ensemble1,chemprop,0.35,0.486305803060532
sider,spectra_tanimoto,0.35_1_ensemble1,chemprop,0.35,0.467180877923966
sider,spectra_tanimoto,0.35_2_ensemble1,chemprop,0.35,0.578501462936401
sider,spectra_tanimoto,0.40_0_ensemble1,chemprop,0.40,0.585073173046112
sider,spectra_tanimoto,0.40_1_ensemble1,chemprop,0.40,0.502571165561676
sider,spectra_tanimoto,0.40_2_ensemble1,chemprop,0.40,0.521867692470551
sider,spectra_tanimoto,0.45_0_ensemble1,chemprop,0.45,0.489642858505249
sider,spectra_tanimoto,0.45_1_ensemble1,chemprop,0.45,0.571969330310822
sider,spectra_tanimoto,0.45_2_ensemble1,chemprop,0.45,0.603515386581421
sider,spectra_tanimoto,0.50_0_ensemble1,chemprop,0.50,0.443825215101242
sider,spectra_tanimoto,0.50_1_ensemble1,chemprop,0.50,0.434319704771042
sider,spectra_tanimoto,0.50_2_ensemble1,chemprop,0.50,0.526877760887146
sider,spectra_tanimoto,0.55_0_ensemble1,chemprop,0.55,0.450150907039642
sider,spectra_tanimoto,0.55_1_ensemble1,chemprop,0.55,0.539953470230103
sider,spectra_tanimoto,0.55_2_ensemble1,chemprop,0.55,0.660820782184601
sider,spectra_tanimoto,0.60_0_ensemble1,chemprop,0.60,0.416017979383469
sider,spectra_tanimoto,0.60_1_ensemble1,chemprop,0.60,0.507931172847748
sider,spectra_tanimoto,0.60_2_ensemble1,chemprop,0.60,0.620760500431061
sider,spectra_tanimoto,0.65_0_ensemble1,chemprop,0.65,0.385243982076645
sider,spectra_tanimoto,0.65_1_ensemble1,chemprop,0.65,0.588982105255127
sider,spectra_tanimoto,0.65_2_ensemble1,chemprop,0.65,0.449457049369812
sider,spectra_tanimoto,0.70_0_ensemble1,chemprop,0.70,0.465784847736359
sider,spectra_tanimoto,0.70_1_ensemble1,chemprop,0.70,0.522054731845856
sider,spectra_tanimoto,0.70_2_ensemble1,chemprop,0.70,0.558255434036255
sider,spectra_tanimoto,0.75_0_ensemble1,chemprop,0.75,0.593574404716492
sider,spectra_tanimoto,0.75_1_ensemble1,chemprop,0.75,0.489694267511368
sider,spectra_tanimoto,0.75_2_ensemble1,chemprop,0.75,0.520739257335663
sider,spectra_tanimoto,0.80_0_ensemble1,chemprop,0.80,0.395877450704575
sider,spectra_tanimoto,0.80_1_ensemble1,chemprop,0.80,0.492416262626648
sider,spectra_tanimoto,0.80_2_ensemble1,chemprop,0.80,0.52069365978241
sider,spectra_tanimoto,0.85_0_ensemble1,chemprop,0.85,0.365564376115799
sider,spectra_tanimoto,0.85_1_ensemble1,chemprop,0.85,0.275970011949539
sider,spectra_tanimoto,0.85_2_ensemble1,chemprop,0.85,0.370127856731415
sider,spectra_tanimoto,0.90_0_ensemble1,chemprop,0.90,0.207407400012016
sider,spectra_tanimoto,0.90_1_ensemble1,chemprop,0.90,0.367283940315247
sider,spectra_tanimoto,0.90_2_ensemble1,chemprop,0.90,0.458642035722732
sider,spectra_tanimoto,0.95_0_ensemble1,chemprop,0.95,0.452263385057449
sider,spectra_tanimoto,0.95_1_ensemble1,chemprop,0.95,0.323148131370544
sider,spectra_tanimoto,0.95_2_ensemble1,chemprop,0.95,0.407407432794571
sider,spectra_tanimoto,1.00_0_ensemble1,chemprop,1.00,0.386214047670364
sider,spectra_tanimoto,1.00_1_ensemble1,chemprop,1.00,0.332818925380707
sider,spectra_tanimoto,1.00_2_ensemble1,chemprop,1.00,0.361111104488373
sider,spectra_tanimoto,0.00_0_ensemble2,chemprop,0.00,0.587521493434906
sider,spectra_tanimoto,0.00_1_ensemble2,chemprop,0.00,0.606918692588806
sider,spectra_tanimoto,0.00_2_ensemble2,chemprop,0.00,0.615258812904358
sider,spectra_tanimoto,0.05_0_ensemble2,chemprop,0.05,0.566742599010468
sider,spectra_tanimoto,0.05_1_ensemble2,chemprop,0.05,0.527943015098572
sider,spectra_tanimoto,0.05_2_ensemble2,chemprop,0.05,0.564184606075287
sider,spectra_tanimoto,0.10_0_ensemble2,chemprop,0.10,0.523204565048218
sider,spectra_tanimoto,0.10_1_ensemble2,chemprop,0.10,0.564205825328827
sider,spectra_tanimoto,0.10_2_ensemble2,chemprop,0.10,0.51425701379776
sider,spectra_tanimoto,0.15_0_ensemble2,chemprop,0.15,0.567813515663147
sider,spectra_tanimoto,0.15_1_ensemble2,chemprop,0.15,0.557014524936676
sider,spectra_tanimoto,0.15_2_ensemble2,chemprop,0.15,0.690709829330444
sider,spectra_tanimoto,0.20_0_ensemble2,chemprop,0.20,0.557594776153564
sider,spectra_tanimoto,0.20_1_ensemble2,chemprop,0.20,0.504487454891205
sider,spectra_tanimoto,0.20_2_ensemble2,chemprop,0.20,0.549893021583557
sider,spectra_tanimoto,0.25_0_ensemble2,chemprop,0.25,0.482712477445602
sider,spectra_tanimoto,0.25_1_ensemble2,chemprop,0.25,0.491262257099152
sider,spectra_tanimoto,0.25_2_ensemble2,chemprop,0.25,0.600686967372894
sider,spectra_tanimoto,0.30_0_ensemble2,chemprop,0.30,0.527638852596283
sider,spectra_tanimoto,0.30_1_ensemble2,chemprop,0.30,0.530405879020691
sider,spectra_tanimoto,0.30_2_ensemble2,chemprop,0.30,0.483554303646088
sider,spectra_tanimoto,0.35_0_ensemble2,chemprop,0.35,0.468043059110641
sider,spectra_tanimoto,0.35_1_ensemble2,chemprop,0.35,0.493155658245087
sider,spectra_tanimoto,0.35_2_ensemble2,chemprop,0.35,0.633748769760132
sider,spectra_tanimoto,0.40_0_ensemble2,chemprop,0.40,0.660528123378754
sider,spectra_tanimoto,0.40_1_ensemble2,chemprop,0.40,0.535526216030121
sider,spectra_tanimoto,0.40_2_ensemble2,chemprop,0.40,0.516324460506439
sider,spectra_tanimoto,0.45_0_ensemble2,chemprop,0.45,0.639964580535889
sider,spectra_tanimoto,0.45_1_ensemble2,chemprop,0.45,0.580613017082214
sider,spectra_tanimoto,0.45_2_ensemble2,chemprop,0.45,0.58781099319458
sider,spectra_tanimoto,0.50_0_ensemble2,chemprop,0.50,0.446333706378937
sider,spectra_tanimoto,0.50_1_ensemble2,chemprop,0.50,0.419423878192902
sider,spectra_tanimoto,0.50_2_ensemble2,chemprop,0.50,0.546776592731476
sider,spectra_tanimoto,0.55_0_ensemble2,chemprop,0.55,0.435373574495316
sider,spectra_tanimoto,0.55_1_ensemble2,chemprop,0.55,0.505604386329651
sider,spectra_tanimoto,0.55_2_ensemble2,chemprop,0.55,0.614650726318359
sider,spectra_tanimoto,0.60_0_ensemble2,chemprop,0.60,0.419404000043869
sider,spectra_tanimoto,0.60_1_ensemble2,chemprop,0.60,0.490521669387817
sider,spectra_tanimoto,0.60_2_ensemble2,chemprop,0.60,0.723804175853729
sider,spectra_tanimoto,0.65_0_ensemble2,chemprop,0.65,0.375529110431671
sider,spectra_tanimoto,0.65_1_ensemble2,chemprop,0.65,0.595211446285248
sider,spectra_tanimoto,0.65_2_ensemble2,chemprop,0.65,0.427274167537689
sider,spectra_tanimoto,0.70_0_ensemble2,chemprop,0.70,0.429691344499588
sider,spectra_tanimoto,0.70_1_ensemble2,chemprop,0.70,0.435389488935471
sider,spectra_tanimoto,0.70_2_ensemble2,chemprop,0.70,0.543903708457947
sider,spectra_tanimoto,0.75_0_ensemble2,chemprop,0.75,0.578177511692047
sider,spectra_tanimoto,0.75_1_ensemble2,chemprop,0.75,0.445030838251114
sider,spectra_tanimoto,0.75_2_ensemble2,chemprop,0.75,0.571916460990906
sider,spectra_tanimoto,0.80_0_ensemble2,chemprop,0.80,0.405224829912186
sider,spectra_tanimoto,0.80_1_ensemble2,chemprop,0.80,0.478233367204666
sider,spectra_tanimoto,0.80_2_ensemble2,chemprop,0.80,0.522060513496399
sider,spectra_tanimoto,0.85_0_ensemble2,chemprop,0.85,0.460339426994324
sider,spectra_tanimoto,0.85_1_ensemble2,chemprop,0.85,0.349669307470322
sider,spectra_tanimoto,0.85_2_ensemble2,chemprop,0.85,0.34867724776268
sider,spectra_tanimoto,0.90_0_ensemble2,chemprop,0.90,0.333950608968735
sider,spectra_tanimoto,0.90_1_ensemble2,chemprop,0.90,0.390740722417831
sider,spectra_tanimoto,0.90_2_ensemble2,chemprop,0.90,0.184567913413048
sider,spectra_tanimoto,0.95_0_ensemble2,chemprop,0.95,0.408641964197159
sider,spectra_tanimoto,0.95_1_ensemble2,chemprop,0.95,0.325514405965805
sider,spectra_tanimoto,0.95_2_ensemble2,chemprop,0.95,0.38580247759819
sider,spectra_tanimoto,1.00_0_ensemble2,chemprop,1.00,0.387757182121277
sider,spectra_tanimoto,1.00_1_ensemble2,chemprop,1.00,0.335802465677261
sider,spectra_tanimoto,1.00_2_ensemble2,chemprop,1.00,0.317695438861847
sider,spectra_tanimoto,0.00_0_ensemble3,chemprop,0.00,0.583964169025421
sider,spectra_tanimoto,0.00_1_ensemble3,chemprop,0.00,0.610027551651001
sider,spectra_tanimoto,0.00_2_ensemble3,chemprop,0.00,0.629148006439209
sider,spectra_tanimoto,0.05_0_ensemble3,chemprop,0.05,0.574117362499237
sider,spectra_tanimoto,0.05_1_ensemble3,chemprop,0.05,0.550391852855682
sider,spectra_tanimoto,0.05_2_ensemble3,chemprop,0.05,0.558164358139038
sider,spectra_tanimoto,0.10_0_ensemble3,chemprop,0.10,0.51816326379776
sider,spectra_tanimoto,0.10_1_ensemble3,chemprop,0.10,0.507758438587189
sider,spectra_tanimoto,0.10_2_ensemble3,chemprop,0.10,0.454467356204987
sider,spectra_tanimoto,0.15_0_ensemble3,chemprop,0.15,0.58978945016861
sider,spectra_tanimoto,0.15_1_ensemble3,chemprop,0.15,0.537590563297272
sider,spectra_tanimoto,0.15_2_ensemble3,chemprop,0.15,0.652156591415405
sider,spectra_tanimoto,0.20_0_ensemble3,chemprop,0.20,0.599712312221527
sider,spectra_tanimoto,0.20_1_ensemble3,chemprop,0.20,0.60200572013855
sider,spectra_tanimoto,0.20_2_ensemble3,chemprop,0.20,0.569656431674957
sider,spectra_tanimoto,0.25_0_ensemble3,chemprop,0.25,0.547209858894348
sider,spectra_tanimoto,0.25_1_ensemble3,chemprop,0.25,0.526564598083496
sider,spectra_tanimoto,0.25_2_ensemble3,chemprop,0.25,0.582313656806946
sider,spectra_tanimoto,0.30_0_ensemble3,chemprop,0.30,0.527691125869751
sider,spectra_tanimoto,0.30_1_ensemble3,chemprop,0.30,0.528996586799622
sider,spectra_tanimoto,0.30_2_ensemble3,chemprop,0.30,0.5765340924263
sider,spectra_tanimoto,0.35_0_ensemble3,chemprop,0.35,0.460144728422165
sider,spectra_tanimoto,0.35_1_ensemble3,chemprop,0.35,0.509813010692596
sider,spectra_tanimoto,0.35_2_ensemble3,chemprop,0.35,0.528121173381805
sider,spectra_tanimoto,0.40_0_ensemble3,chemprop,0.40,0.475073754787445
sider,spectra_tanimoto,0.40_1_ensemble3,chemprop,0.40,0.554117918014526
sider,spectra_tanimoto,0.40_2_ensemble3,chemprop,0.40,0.528569936752319
sider,spectra_tanimoto,0.45_0_ensemble3,chemprop,0.45,0.484424263238907
sider,spectra_tanimoto,0.45_1_ensemble3,chemprop,0.45,0.545539617538452
sider,spectra_tanimoto,0.45_2_ensemble3,chemprop,0.45,0.61015659570694
sider,spectra_tanimoto,0.50_0_ensemble3,chemprop,0.50,0.442061394453049
sider,spectra_tanimoto,0.50_1_ensemble3,chemprop,0.50,0.581834137439728
sider,spectra_tanimoto,0.50_2_ensemble3,chemprop,0.50,0.560990691184998
sider,spectra_tanimoto,0.55_0_ensemble3,chemprop,0.55,0.421177357435226
sider,spectra_tanimoto,0.55_1_ensemble3,chemprop,0.55,0.587758004665375
sider,spectra_tanimoto,0.55_2_ensemble3,chemprop,0.55,0.575159549713135
sider,spectra_tanimoto,0.60_0_ensemble3,chemprop,0.60,0.38081306219101
sider,spectra_tanimoto,0.60_1_ensemble3,chemprop,0.60,0.517404198646545
sider,spectra_tanimoto,0.60_2_ensemble3,chemprop,0.60,0.498034536838531
sider,spectra_tanimoto,0.65_0_ensemble3,chemprop,0.65,0.448309779167175
sider,spectra_tanimoto,0.65_1_ensemble3,chemprop,0.65,0.571755588054657
sider,spectra_tanimoto,0.65_2_ensemble3,chemprop,0.65,0.445504873991013
sider,spectra_tanimoto,0.70_0_ensemble3,chemprop,0.70,0.398446470499039
sider,spectra_tanimoto,0.70_1_ensemble3,chemprop,0.70,0.428387701511383
sider,spectra_tanimoto,0.70_2_ensemble3,chemprop,0.70,0.535662889480591
sider,spectra_tanimoto,0.75_0_ensemble3,chemprop,0.75,0.585064649581909
sider,spectra_tanimoto,0.75_1_ensemble3,chemprop,0.75,0.369007915258408
sider,spectra_tanimoto,0.75_2_ensemble3,chemprop,0.75,0.554761946201324
sider,spectra_tanimoto,0.80_0_ensemble3,chemprop,0.80,0.424470901489258
sider,spectra_tanimoto,0.80_1_ensemble3,chemprop,0.80,0.356834203004837
sider,spectra_tanimoto,0.80_2_ensemble3,chemprop,0.80,0.53733092546463
sider,spectra_tanimoto,0.85_0_ensemble3,chemprop,0.85,0.530026495456696
sider,spectra_tanimoto,0.85_1_ensemble3,chemprop,0.85,0.326124340295792
sider,spectra_tanimoto,0.85_2_ensemble3,chemprop,0.85,0.424184262752533
sider,spectra_tanimoto,0.90_0_ensemble3,chemprop,0.90,0.279012322425842
sider,spectra_tanimoto,0.90_1_ensemble3,chemprop,0.90,0.363580256700516
sider,spectra_tanimoto,0.90_2_ensemble3,chemprop,0.90,0.301851838827133
sider,spectra_tanimoto,0.95_0_ensemble3,chemprop,0.95,0.483950674533844
sider,spectra_tanimoto,0.95_1_ensemble3,chemprop,0.95,0.388374447822571
sider,spectra_tanimoto,0.95_2_ensemble3,chemprop,0.95,0.373456805944443
sider,spectra_tanimoto,1.00_0_ensemble3,chemprop,1.00,0.34331277012825
sider,spectra_tanimoto,1.00_1_ensemble3,chemprop,1.00,0.339917719364166
sider,spectra_tanimoto,1.00_2_ensemble3,chemprop,1.00,0.233539089560509
sider,spectra_tanimoto,0.00_0_ensemble4,chemprop,0.00,0.580715715885162
sider,spectra_tanimoto,0.00_1_ensemble4,chemprop,0.00,0.605046808719635
sider,spectra_tanimoto,0.00_2_ensemble4,chemprop,0.00,0.637012779712677
sider,spectra_tanimoto,0.05_0_ensemble4,chemprop,0.05,0.56446772813797
sider,spectra_tanimoto,0.05_1_ensemble4,chemprop,0.05,0.535784482955933
sider,spectra_tanimoto,0.05_2_ensemble4,chemprop,0.05,0.562415421009064
sider,spectra_tanimoto,0.10_0_ensemble4,chemprop,0.10,0.535106718540192
sider,spectra_tanimoto,0.10_1_ensemble4,chemprop,0.10,0.563970506191254
sider,spectra_tanimoto,0.10_2_ensemble4,chemprop,0.10,0.621899306774139
sider,spectra_tanimoto,0.15_0_ensemble4,chemprop,0.15,0.533328354358673
sider,spectra_tanimoto,0.15_1_ensemble4,chemprop,0.15,0.549207389354706
sider,spectra_tanimoto,0.15_2_ensemble4,chemprop,0.15,0.684104025363922
sider,spectra_tanimoto,0.20_0_ensemble4,chemprop,0.20,0.53899097442627
sider,spectra_tanimoto,0.20_1_ensemble4,chemprop,0.20,0.496238857507706
sider,spectra_tanimoto,0.20_2_ensemble4,chemprop,0.20,0.570115625858307
sider,spectra_tanimoto,0.25_0_ensemble4,chemprop,0.25,0.554005801677704
sider,spectra_tanimoto,0.25_1_ensemble4,chemprop,0.25,0.505483567714691
sider,spectra_tanimoto,0.25_2_ensemble4,chemprop,0.25,0.547647178173065
sider,spectra_tanimoto,0.30_0_ensemble4,chemprop,0.30,0.500662863254547
sider,spectra_tanimoto,0.30_1_ensemble4,chemprop,0.30,0.450741648674011
sider,spectra_tanimoto,0.30_2_ensemble4,chemprop,0.30,0.590931832790375
sider,spectra_tanimoto,0.35_0_ensemble4,chemprop,0.35,0.394716441631317
sider,spectra_tanimoto,0.35_1_ensemble4,chemprop,0.35,0.422968477010727
sider,spectra_tanimoto,0.35_2_ensemble4,chemprop,0.35,0.525056540966034
sider,spectra_tanimoto,0.40_0_ensemble4,chemprop,0.40,0.663873136043549
sider,spectra_tanimoto,0.40_1_ensemble4,chemprop,0.40,0.506583333015442
sider,spectra_tanimoto,0.40_2_ensemble4,chemprop,0.40,0.456676691770554
sider,spectra_tanimoto,0.45_0_ensemble4,chemprop,0.45,0.560262084007263
sider,spectra_tanimoto,0.45_1_ensemble4,chemprop,0.45,0.583993375301361
sider,spectra_tanimoto,0.45_2_ensemble4,chemprop,0.45,0.583063840866089
sider,spectra_tanimoto,0.50_0_ensemble4,chemprop,0.50,0.49051508307457
sider,spectra_tanimoto,0.50_1_ensemble4,chemprop,0.50,0.423588633537292
sider,spectra_tanimoto,0.50_2_ensemble4,chemprop,0.50,0.537218511104584
sider,spectra_tanimoto,0.55_0_ensemble4,chemprop,0.55,0.483047425746918
sider,spectra_tanimoto,0.55_1_ensemble4,chemprop,0.55,0.444833755493164
sider,spectra_tanimoto,0.55_2_ensemble4,chemprop,0.55,0.582387506961823
sider,spectra_tanimoto,0.60_0_ensemble4,chemprop,0.60,0.37046006321907
sider,spectra_tanimoto,0.60_1_ensemble4,chemprop,0.60,0.467934638261795
sider,spectra_tanimoto,0.60_2_ensemble4,chemprop,0.60,0.309319376945496
sider,spectra_tanimoto,0.65_0_ensemble4,chemprop,0.65,0.347148716449738
sider,spectra_tanimoto,0.65_1_ensemble4,chemprop,0.65,0.555322349071503
sider,spectra_tanimoto,0.65_2_ensemble4,chemprop,0.65,0.433090925216675
sider,spectra_tanimoto,0.70_0_ensemble4,chemprop,0.70,0.43789678812027
sider,spectra_tanimoto,0.70_1_ensemble4,chemprop,0.70,0.476335972547531
sider,spectra_tanimoto,0.70_2_ensemble4,chemprop,0.70,0.613402485847473
sider,spectra_tanimoto,0.75_0_ensemble4,chemprop,0.75,0.58765721321106
sider,spectra_tanimoto,0.75_1_ensemble4,chemprop,0.75,0.436665207147598
sider,spectra_tanimoto,0.75_2_ensemble4,chemprop,0.75,0.62846714258194
sider,spectra_tanimoto,0.80_0_ensemble4,chemprop,0.80,0.427491188049316
sider,spectra_tanimoto,0.80_1_ensemble4,chemprop,0.80,0.533215761184692
sider,spectra_tanimoto,0.80_2_ensemble4,chemprop,0.80,0.441901832818985
sider,spectra_tanimoto,0.85_0_ensemble4,chemprop,0.85,0.446913599967956
sider,spectra_tanimoto,0.85_1_ensemble4,chemprop,0.85,0.384259283542633
sider,spectra_tanimoto,0.85_2_ensemble4,chemprop,0.85,0.379651665687561
sider,spectra_tanimoto,0.90_0_ensemble4,chemprop,0.90,0.306790113449097
sider,spectra_tanimoto,0.90_1_ensemble4,chemprop,0.90,0.422839492559433
sider,spectra_tanimoto,0.90_2_ensemble4,chemprop,0.90,0.330246955156326
sider,spectra_tanimoto,0.95_0_ensemble4,chemprop,0.95,0.419958829879761
sider,spectra_tanimoto,0.95_1_ensemble4,chemprop,0.95,0.344341546297073
sider,spectra_tanimoto,0.95_2_ensemble4,chemprop,0.95,0.364197552204132
sider,spectra_tanimoto,1.00_0_ensemble4,chemprop,1.00,0.408950626850128
sider,spectra_tanimoto,1.00_1_ensemble4,chemprop,1.00,0.355555564165115
sider,spectra_tanimoto,1.00_2_ensemble4,chemprop,1.00,0.285802483558655
sider,spectra_tanimoto,0.00_0_ensemble5,chemprop,0.00,0.610949099063873
sider,spectra_tanimoto,0.00_1_ensemble5,chemprop,0.00,0.622393071651459
sider,spectra_tanimoto,0.00_2_ensemble5,chemprop,0.00,0.603934049606323
sider,spectra_tanimoto,0.05_0_ensemble5,chemprop,0.05,0.551854372024536
sider,spectra_tanimoto,0.05_1_ensemble5,chemprop,0.05,0.526380777359009
sider,spectra_tanimoto,0.05_2_ensemble5,chemprop,0.05,0.559113800525665
sider,spectra_tanimoto,0.10_0_ensemble5,chemprop,0.10,0.537567555904388
sider,spectra_tanimoto,0.10_1_ensemble5,chemprop,0.10,0.580694258213043
sider,spectra_tanimoto,0.10_2_ensemble5,chemprop,0.10,0.453715443611145
sider,spectra_tanimoto,0.15_0_ensemble5,chemprop,0.15,0.621909320354462
sider,spectra_tanimoto,0.15_1_ensemble5,chemprop,0.15,0.577848315238953
sider,spectra_tanimoto,0.15_2_ensemble5,chemprop,0.15,0.603406071662903
sider,spectra_tanimoto,0.20_0_ensemble5,chemprop,0.20,0.547671973705292
sider,spectra_tanimoto,0.20_1_ensemble5,chemprop,0.20,0.556232631206512
sider,spectra_tanimoto,0.20_2_ensemble5,chemprop,0.20,0.57295823097229
sider,spectra_tanimoto,0.25_0_ensemble5,chemprop,0.25,0.5269895195961
sider,spectra_tanimoto,0.25_1_ensemble5,chemprop,0.25,0.528755664825439
sider,spectra_tanimoto,0.25_2_ensemble5,chemprop,0.25,0.617782235145569
sider,spectra_tanimoto,0.30_0_ensemble5,chemprop,0.30,0.556377112865448
sider,spectra_tanimoto,0.30_1_ensemble5,chemprop,0.30,0.488415271043778
sider,spectra_tanimoto,0.30_2_ensemble5,chemprop,0.30,0.522872865200043
sider,spectra_tanimoto,0.35_0_ensemble5,chemprop,0.35,0.454890668392181
sider,spectra_tanimoto,0.35_1_ensemble5,chemprop,0.35,0.452133178710938
sider,spectra_tanimoto,0.35_2_ensemble5,chemprop,0.35,0.622462093830109
sider,spectra_tanimoto,0.40_0_ensemble5,chemprop,0.40,0.638069212436676
sider,spectra_tanimoto,0.40_1_ensemble5,chemprop,0.40,0.522290289402008
sider,spectra_tanimoto,0.40_2_ensemble5,chemprop,0.40,0.450174778699875
sider,spectra_tanimoto,0.45_0_ensemble5,chemprop,0.45,0.311206877231598
sider,spectra_tanimoto,0.45_1_ensemble5,chemprop,0.45,0.630949795246124
sider,spectra_tanimoto,0.45_2_ensemble5,chemprop,0.45,0.576093137264252
sider,spectra_tanimoto,0.50_0_ensemble5,chemprop,0.50,0.496715754270554
sider,spectra_tanimoto,0.50_1_ensemble5,chemprop,0.50,0.430949330329895
sider,spectra_tanimoto,0.50_2_ensemble5,chemprop,0.50,0.479813367128372
sider,spectra_tanimoto,0.55_0_ensemble5,chemprop,0.55,0.398565024137497
sider,spectra_tanimoto,0.55_1_ensemble5,chemprop,0.55,0.580947995185852
sider,spectra_tanimoto,0.55_2_ensemble5,chemprop,0.55,0.62468957901001
sider,spectra_tanimoto,0.60_0_ensemble5,chemprop,0.60,0.409601360559464
sider,spectra_tanimoto,0.60_1_ensemble5,chemprop,0.60,0.478348314762115
sider,spectra_tanimoto,0.60_2_ensemble5,chemprop,0.60,0.462292224168778
sider,spectra_tanimoto,0.65_0_ensemble5,chemprop,0.65,0.400132298469543
sider,spectra_tanimoto,0.65_1_ensemble5,chemprop,0.65,0.509588360786438
sider,spectra_tanimoto,0.65_2_ensemble5,chemprop,0.65,0.439212024211884
sider,spectra_tanimoto,0.70_0_ensemble5,chemprop,0.70,0.425073474645615
sider,spectra_tanimoto,0.70_1_ensemble5,chemprop,0.70,0.407789498567581
sider,spectra_tanimoto,0.70_2_ensemble5,chemprop,0.70,0.542175233364105
sider,spectra_tanimoto,0.75_0_ensemble5,chemprop,0.75,0.583043813705444
sider,spectra_tanimoto,0.75_1_ensemble5,chemprop,0.75,0.470308661460876
sider,spectra_tanimoto,0.75_2_ensemble5,chemprop,0.75,0.691118478775024
sider,spectra_tanimoto,0.80_0_ensemble5,chemprop,0.80,0.400595247745514
sider,spectra_tanimoto,0.80_1_ensemble5,chemprop,0.80,0.445385098457336
sider,spectra_tanimoto,0.80_2_ensemble5,chemprop,0.80,0.497663140296936
sider,spectra_tanimoto,0.85_0_ensemble5,chemprop,0.85,0.409876495599747
sider,spectra_tanimoto,0.85_1_ensemble5,chemprop,0.85,0.310824513435364
sider,spectra_tanimoto,0.85_2_ensemble5,chemprop,0.85,0.396164059638977
sider,spectra_tanimoto,0.90_0_ensemble5,chemprop,0.90,0.342592597007751
sider,spectra_tanimoto,0.90_1_ensemble5,chemprop,0.90,0.398148149251938
sider,spectra_tanimoto,0.90_2_ensemble5,chemprop,0.90,0.422222197055817
sider,spectra_tanimoto,0.95_0_ensemble5,chemprop,0.95,0.451234549283981
sider,spectra_tanimoto,0.95_1_ensemble5,chemprop,0.95,0.38034975528717
sider,spectra_tanimoto,0.95_2_ensemble5,chemprop,0.95,0.404320955276489
sider,spectra_tanimoto,1.00_0_ensemble5,chemprop,1.00,0.337757229804993
sider,spectra_tanimoto,1.00_1_ensemble5,chemprop,1.00,0.459670782089233
sider,spectra_tanimoto,1.00_2_ensemble5,chemprop,1.00,0.370370358228683
tox21,random,1_ensemble1,chemprop,NA,0.826492071151733
tox21,random,2_ensemble1,chemprop,NA,0.84693568944931
tox21,random,3_ensemble1,chemprop,NA,0.838816940784454
tox21,random,4_ensemble1,chemprop,NA,0.843488276004791
tox21,random,5_ensemble1,chemprop,NA,0.836068630218505
tox21,random,1_ensemble2,chemprop,NA,0.819550454616546
tox21,random,2_ensemble2,chemprop,NA,0.849192798137664
tox21,random,3_ensemble2,chemprop,NA,0.837652385234832
tox21,random,4_ensemble2,chemprop,NA,0.837107002735137
tox21,random,5_ensemble2,chemprop,NA,0.818854749202728
tox21,random,1_ensemble3,chemprop,NA,0.820756733417511
tox21,random,2_ensemble3,chemprop,NA,0.838110744953155
tox21,random,3_ensemble3,chemprop,NA,0.844839811325073
tox21,random,4_ensemble3,chemprop,NA,0.847098648548126
tox21,random,5_ensemble3,chemprop,NA,0.828764677047729
tox21,random,1_ensemble4,chemprop,NA,0.838455140590667
tox21,random,2_ensemble4,chemprop,NA,0.841889381408691
tox21,random,3_ensemble4,chemprop,NA,0.835961520671844
tox21,random,4_ensemble4,chemprop,NA,0.845158159732818
tox21,random,5_ensemble4,chemprop,NA,0.837989091873169
tox21,random,1_ensemble5,chemprop,NA,0.832052946090698
tox21,random,2_ensemble5,chemprop,NA,0.831480205059051
tox21,random,3_ensemble5,chemprop,NA,0.819856882095336
tox21,random,4_ensemble5,chemprop,NA,0.85555362701416
tox21,random,5_ensemble5,chemprop,NA,0.822917222976684
tox21,scaffold,1_ensemble1,chemprop,NA,0.812040328979492
tox21,scaffold,2_ensemble1,chemprop,NA,0.801048576831818
tox21,scaffold,3_ensemble1,chemprop,NA,0.807250738143921
tox21,scaffold,4_ensemble1,chemprop,NA,0.824149310588837
tox21,scaffold,5_ensemble1,chemprop,NA,0.832763254642487
tox21,scaffold,1_ensemble2,chemprop,NA,0.812493860721588
tox21,scaffold,2_ensemble2,chemprop,NA,0.805940806865692
tox21,scaffold,3_ensemble2,chemprop,NA,0.810161769390106
tox21,scaffold,4_ensemble2,chemprop,NA,0.816664457321167
tox21,scaffold,5_ensemble2,chemprop,NA,0.829824507236481
tox21,scaffold,1_ensemble3,chemprop,NA,0.803593695163727
tox21,scaffold,2_ensemble3,chemprop,NA,0.810887038707733
tox21,scaffold,3_ensemble3,chemprop,NA,0.790023565292358
tox21,scaffold,4_ensemble3,chemprop,NA,0.813671290874481
tox21,scaffold,5_ensemble3,chemprop,NA,0.823581397533417
tox21,scaffold,1_ensemble4,chemprop,NA,0.794516384601593
tox21,scaffold,2_ensemble4,chemprop,NA,0.810210645198822
tox21,scaffold,3_ensemble4,chemprop,NA,0.821458339691162
tox21,scaffold,4_ensemble4,chemprop,NA,0.819989860057831
tox21,scaffold,5_ensemble4,chemprop,NA,0.8244988322258
tox21,scaffold,1_ensemble5,chemprop,NA,0.81608510017395
tox21,scaffold,2_ensemble5,chemprop,NA,0.784472465515137
tox21,scaffold,3_ensemble5,chemprop,NA,0.820170104503632
tox21,scaffold,4_ensemble5,chemprop,NA,0.805949509143829
tox21,scaffold,5_ensemble5,chemprop,NA,0.832523167133331
tox21,umap,1_ensemble1,chemprop,NA,0.767205297946929
tox21,umap,2_ensemble1,chemprop,NA,0.758354842662811
tox21,umap,3_ensemble1,chemprop,NA,0.742946684360504
tox21,umap,4_ensemble1,chemprop,NA,0.737705171108245
tox21,umap,5_ensemble1,chemprop,NA,0.73557299375534
tox21,umap,1_ensemble2,chemprop,NA,0.725113630294799
tox21,umap,2_ensemble2,chemprop,NA,0.767793655395507
tox21,umap,3_ensemble2,chemprop,NA,0.76969426870346
tox21,umap,4_ensemble2,chemprop,NA,0.735377728939056
tox21,umap,5_ensemble2,chemprop,NA,0.724971771240234
tox21,umap,1_ensemble3,chemprop,NA,0.776109457015991
tox21,umap,2_ensemble3,chemprop,NA,0.75380516052246
tox21,umap,3_ensemble3,chemprop,NA,0.693946659564971
tox21,umap,4_ensemble3,chemprop,NA,0.744885861873626
tox21,umap,5_ensemble3,chemprop,NA,0.75643903017044
tox21,umap,1_ensemble4,chemprop,NA,0.766609370708465
tox21,umap,2_ensemble4,chemprop,NA,0.782521426677703
tox21,umap,3_ensemble4,chemprop,NA,0.711573421955108
tox21,umap,4_ensemble4,chemprop,NA,0.71223759651184
tox21,umap,5_ensemble4,chemprop,NA,0.736660659313201
tox21,umap,1_ensemble5,chemprop,NA,0.770151138305664
tox21,umap,2_ensemble5,chemprop,NA,0.763523876667022
tox21,umap,3_ensemble5,chemprop,NA,0.728919208049774
tox21,umap,4_ensemble5,chemprop,NA,0.701113283634185
tox21,umap,5_ensemble5,chemprop,NA,0.741918563842773
tox21,spectra_tanimoto,0.00_0_ensemble1,chemprop,0.00,0.828804314136505
tox21,spectra_tanimoto,0.00_1_ensemble1,chemprop,0.00,0.845805883407593
tox21,spectra_tanimoto,0.00_2_ensemble1,chemprop,0.00,0.819033920764923
tox21,spectra_tanimoto,0.05_0_ensemble1,chemprop,0.05,0.738992273807526
tox21,spectra_tanimoto,0.05_1_ensemble1,chemprop,0.05,0.765110731124878
tox21,spectra_tanimoto,0.05_2_ensemble1,chemprop,0.05,0.787837088108063
tox21,spectra_tanimoto,0.10_0_ensemble1,chemprop,0.10,0.701344788074493
tox21,spectra_tanimoto,0.10_1_ensemble1,chemprop,0.10,0.79778128862381
tox21,spectra_tanimoto,0.10_2_ensemble1,chemprop,0.10,0.699024260044098
tox21,spectra_tanimoto,0.15_0_ensemble1,chemprop,0.15,0.686476051807404
tox21,spectra_tanimoto,0.15_1_ensemble1,chemprop,0.15,0.665110528469086
tox21,spectra_tanimoto,0.15_2_ensemble1,chemprop,0.15,0.669910848140717
tox21,spectra_tanimoto,0.20_0_ensemble1,chemprop,0.20,0.743508040904999
tox21,spectra_tanimoto,0.20_1_ensemble1,chemprop,0.20,0.570688426494598
tox21,spectra_tanimoto,0.20_2_ensemble1,chemprop,0.20,0.683861315250397
tox21,spectra_tanimoto,0.25_0_ensemble1,chemprop,0.25,0.628175258636475
tox21,spectra_tanimoto,0.25_1_ensemble1,chemprop,0.25,0.668527126312256
tox21,spectra_tanimoto,0.25_2_ensemble1,chemprop,0.25,0.598618924617767
tox21,spectra_tanimoto,0.30_0_ensemble1,chemprop,0.30,0.508621394634247
tox21,spectra_tanimoto,0.30_1_ensemble1,chemprop,0.30,0.387783974409103
tox21,spectra_tanimoto,0.30_2_ensemble1,chemprop,0.30,0.450207263231278
tox21,spectra_tanimoto,0.35_0_ensemble1,chemprop,0.35,0.31355020403862
tox21,spectra_tanimoto,0.35_1_ensemble1,chemprop,0.35,0.50245612859726
tox21,spectra_tanimoto,0.35_2_ensemble1,chemprop,0.35,0.49167475104332
tox21,spectra_tanimoto,0.40_0_ensemble1,chemprop,0.40,0.558498561382294
tox21,spectra_tanimoto,0.40_1_ensemble1,chemprop,0.40,0.419163793325424
tox21,spectra_tanimoto,0.40_2_ensemble1,chemprop,0.40,0.112469471991062
tox21,spectra_tanimoto,0.45_0_ensemble1,chemprop,0.45,0.338376760482788
tox21,spectra_tanimoto,0.45_1_ensemble1,chemprop,0.45,0.602534472942352
tox21,spectra_tanimoto,0.45_2_ensemble1,chemprop,0.45,0.19936566054821
tox21,spectra_tanimoto,0.50_0_ensemble1,chemprop,0.50,0.329199761152267
tox21,spectra_tanimoto,0.50_1_ensemble1,chemprop,0.50,0.311204224824905
tox21,spectra_tanimoto,0.50_2_ensemble1,chemprop,0.50,0.58998841047287
tox21,spectra_tanimoto,0.55_0_ensemble1,chemprop,0.55,0.254578739404678
tox21,spectra_tanimoto,0.55_1_ensemble1,chemprop,0.55,0.173098400235176
tox21,spectra_tanimoto,0.55_2_ensemble1,chemprop,0.55,0.21875
tox21,spectra_tanimoto,0.60_0_ensemble1,chemprop,0.60,0.341119527816772
tox21,spectra_tanimoto,0.60_1_ensemble1,chemprop,0.60,0.285648137331009
tox21,spectra_tanimoto,0.60_2_ensemble1,chemprop,0.60,0.450547128915787
tox21,spectra_tanimoto,0.65_0_ensemble1,chemprop,0.65,0.229671716690063
tox21,spectra_tanimoto,0.65_1_ensemble1,chemprop,0.65,0.197159096598625
tox21,spectra_tanimoto,0.65_2_ensemble1,chemprop,0.65,0.101388894021511
tox21,spectra_tanimoto,0.70_0_ensemble1,chemprop,0.70,0.237500011920929
tox21,spectra_tanimoto,0.70_1_ensemble1,chemprop,0.70,0.269675940275192
tox21,spectra_tanimoto,0.70_2_ensemble1,chemprop,0.70,0.134920626878738
tox21,spectra_tanimoto,0.75_0_ensemble1,chemprop,0.75,0.325066119432449
tox21,spectra_tanimoto,0.75_1_ensemble1,chemprop,0.75,0.373611092567444
tox21,spectra_tanimoto,0.75_2_ensemble1,chemprop,0.75,0.422486782073975
tox21,spectra_tanimoto,0.80_0_ensemble1,chemprop,0.80,0.158333346247673
tox21,spectra_tanimoto,0.80_1_ensemble1,chemprop,0.80,0.0833333358168602
tox21,spectra_tanimoto,0.80_2_ensemble1,chemprop,0.80,0.0803571417927742
tox21,spectra_tanimoto,0.85_0_ensemble1,chemprop,0.85,0
tox21,spectra_tanimoto,0.85_1_ensemble1,chemprop,0.85,0.402777761220932
tox21,spectra_tanimoto,0.85_2_ensemble1,chemprop,0.85,0.375
tox21,spectra_tanimoto,0.90_0_ensemble1,chemprop,0.90,0.163541659712791
tox21,spectra_tanimoto,0.90_1_ensemble1,chemprop,0.90,0.25
tox21,spectra_tanimoto,0.90_2_ensemble1,chemprop,0.90,0.222222253680229
tox21,spectra_tanimoto,0.95_0_ensemble1,chemprop,0.95,0.333333343267441
tox21,spectra_tanimoto,0.95_1_ensemble1,chemprop,0.95,0.108333326876163
tox21,spectra_tanimoto,0.95_2_ensemble1,chemprop,0.95,0.0944444313645363
tox21,spectra_tanimoto,1.00_0_ensemble1,chemprop,1.00,0.299999982118607
tox21,spectra_tanimoto,1.00_1_ensemble1,chemprop,1.00,0.0833333358168602
tox21,spectra_tanimoto,1.00_2_ensemble1,chemprop,1.00,0.0861111059784889
tox21,spectra_tanimoto,0.00_0_ensemble2,chemprop,0.00,0.824970960617065
tox21,spectra_tanimoto,0.00_1_ensemble2,chemprop,0.00,0.847425282001495
tox21,spectra_tanimoto,0.00_2_ensemble2,chemprop,0.00,0.82166975736618
tox21,spectra_tanimoto,0.05_0_ensemble2,chemprop,0.05,0.752935707569122
tox21,spectra_tanimoto,0.05_1_ensemble2,chemprop,0.05,0.827466189861298
tox21,spectra_tanimoto,0.05_2_ensemble2,chemprop,0.05,0.798900067806244
tox21,spectra_tanimoto,0.10_0_ensemble2,chemprop,0.10,0.756043255329132
tox21,spectra_tanimoto,0.10_1_ensemble2,chemprop,0.10,0.774426162242889
tox21,spectra_tanimoto,0.10_2_ensemble2,chemprop,0.10,0.698695003986359
tox21,spectra_tanimoto,0.15_0_ensemble2,chemprop,0.15,0.722618639469147
tox21,spectra_tanimoto,0.15_1_ensemble2,chemprop,0.15,0.760501205921173
tox21,spectra_tanimoto,0.15_2_ensemble2,chemprop,0.15,0.607850611209869
tox21,spectra_tanimoto,0.20_0_ensemble2,chemprop,0.20,0.781620681285858
tox21,spectra_tanimoto,0.20_1_ensemble2,chemprop,0.20,0.538429200649261
tox21,spectra_tanimoto,0.20_2_ensemble2,chemprop,0.20,0.666857421398163
tox21,spectra_tanimoto,0.25_0_ensemble2,chemprop,0.25,0.560429155826569
tox21,spectra_tanimoto,0.25_1_ensemble2,chemprop,0.25,0.608440399169922
tox21,spectra_tanimoto,0.25_2_ensemble2,chemprop,0.25,0.501837074756622
tox21,spectra_tanimoto,0.30_0_ensemble2,chemprop,0.30,0.469318240880966
tox21,spectra_tanimoto,0.30_1_ensemble2,chemprop,0.30,0.399018496274948
tox21,spectra_tanimoto,0.30_2_ensemble2,chemprop,0.30,0.412429213523865
tox21,spectra_tanimoto,0.35_0_ensemble2,chemprop,0.35,0.327438831329346
tox21,spectra_tanimoto,0.35_1_ensemble2,chemprop,0.35,0.548863530158997
tox21,spectra_tanimoto,0.35_2_ensemble2,chemprop,0.35,0.412897855043411
tox21,spectra_tanimoto,0.40_0_ensemble2,chemprop,0.40,0.633198857307434
tox21,spectra_tanimoto,0.40_1_ensemble2,chemprop,0.40,0.556566178798676
tox21,spectra_tanimoto,0.40_2_ensemble2,chemprop,0.40,0.154708474874496
tox21,spectra_tanimoto,0.45_0_ensemble2,chemprop,0.45,0.393307447433472
tox21,spectra_tanimoto,0.45_1_ensemble2,chemprop,0.45,0.482493996620178
tox21,spectra_tanimoto,0.45_2_ensemble2,chemprop,0.45,0.358694583177567
tox21,spectra_tanimoto,0.50_0_ensemble2,chemprop,0.50,0.304904907941818
tox21,spectra_tanimoto,0.50_1_ensemble2,chemprop,0.50,0.276594310998917
tox21,spectra_tanimoto,0.50_2_ensemble2,chemprop,0.50,0.73813658952713
tox21,spectra_tanimoto,0.55_0_ensemble2,chemprop,0.55,0.236263737082481
tox21,spectra_tanimoto,0.55_1_ensemble2,chemprop,0.55,0.132880315184593
tox21,spectra_tanimoto,0.55_2_ensemble2,chemprop,0.55,0.21875
tox21,spectra_tanimoto,0.60_0_ensemble2,chemprop,0.60,0.36589452624321
tox21,spectra_tanimoto,0.60_1_ensemble2,chemprop,0.60,0.289120346307755
tox21,spectra_tanimoto,0.60_2_ensemble2,chemprop,0.60,0.505232930183411
tox21,spectra_tanimoto,0.65_0_ensemble2,chemprop,0.65,0.217276930809021
tox21,spectra_tanimoto,0.65_1_ensemble2,chemprop,0.65,0.16856062412262
tox21,spectra_tanimoto,0.65_2_ensemble2,chemprop,0.65,0.103240735828876
tox21,spectra_tanimoto,0.70_0_ensemble2,chemprop,0.70,0.137499988079071
tox21,spectra_tanimoto,0.70_1_ensemble2,chemprop,0.70,0.0885416641831398
tox21,spectra_tanimoto,0.70_2_ensemble2,chemprop,0.70,0.208994701504707
tox21,spectra_tanimoto,0.75_0_ensemble2,chemprop,0.75,0.332010567188263
tox21,spectra_tanimoto,0.75_1_ensemble2,chemprop,0.75,0.373611092567444
tox21,spectra_tanimoto,0.75_2_ensemble2,chemprop,0.75,0.0920965597033501
tox21,spectra_tanimoto,0.80_0_ensemble2,chemprop,0.80,0.16388888657093
tox21,spectra_tanimoto,0.80_1_ensemble2,chemprop,0.80,0.0833333358168602
tox21,spectra_tanimoto,0.80_2_ensemble2,chemprop,0.80,0.0505952388048172
tox21,spectra_tanimoto,0.85_0_ensemble2,chemprop,0.85,0.0416666679084301
tox21,spectra_tanimoto,0.85_1_ensemble2,chemprop,0.85,0.524652779102325
tox21,spectra_tanimoto,0.85_2_ensemble2,chemprop,0.85,0.380208343267441
tox21,spectra_tanimoto,0.90_0_ensemble2,chemprop,0.90,0.36111107468605
tox21,spectra_tanimoto,0.90_1_ensemble2,chemprop,0.90,0.25
tox21,spectra_tanimoto,0.90_2_ensemble2,chemprop,0.90,0.133333340287209
tox21,spectra_tanimoto,0.95_0_ensemble2,chemprop,0.95,0.233333334326744
tox21,spectra_tanimoto,0.95_1_ensemble2,chemprop,0.95,0.0916666686534882
tox21,spectra_tanimoto,0.95_2_ensemble2,chemprop,0.95,0.149999991059303
tox21,spectra_tanimoto,1.00_0_ensemble2,chemprop,1.00,0.299999982118607
tox21,spectra_tanimoto,1.00_1_ensemble2,chemprop,1.00,0.0666666701436043
tox21,spectra_tanimoto,1.00_2_ensemble2,chemprop,1.00,0.0861111059784889
tox21,spectra_tanimoto,0.00_0_ensemble3,chemprop,0.00,0.835573732852936
tox21,spectra_tanimoto,0.00_1_ensemble3,chemprop,0.00,0.866847693920135
tox21,spectra_tanimoto,0.00_2_ensemble3,chemprop,0.00,0.820930898189545
tox21,spectra_tanimoto,0.05_0_ensemble3,chemprop,0.05,0.77175897359848
tox21,spectra_tanimoto,0.05_1_ensemble3,chemprop,0.05,0.790285289287567
tox21,spectra_tanimoto,0.05_2_ensemble3,chemprop,0.05,0.795550346374512
tox21,spectra_tanimoto,0.10_0_ensemble3,chemprop,0.10,0.745636761188507
tox21,spectra_tanimoto,0.10_1_ensemble3,chemprop,0.10,0.703376471996307
tox21,spectra_tanimoto,0.10_2_ensemble3,chemprop,0.10,0.740725457668304
tox21,spectra_tanimoto,0.15_0_ensemble3,chemprop,0.15,0.671136319637299
tox21,spectra_tanimoto,0.15_1_ensemble3,chemprop,0.15,0.721877038478851
tox21,spectra_tanimoto,0.15_2_ensemble3,chemprop,0.15,0.656251609325409
tox21,spectra_tanimoto,0.20_0_ensemble3,chemprop,0.20,0.724176347255707
tox21,spectra_tanimoto,0.20_1_ensemble3,chemprop,0.20,0.492851823568344
tox21,spectra_tanimoto,0.20_2_ensemble3,chemprop,0.20,0.667769908905029
tox21,spectra_tanimoto,0.25_0_ensemble3,chemprop,0.25,0.611674010753632
tox21,spectra_tanimoto,0.25_1_ensemble3,chemprop,0.25,0.609143018722534
tox21,spectra_tanimoto,0.25_2_ensemble3,chemprop,0.25,0.584061741828918
tox21,spectra_tanimoto,0.30_0_ensemble3,chemprop,0.30,0.38366711139679
tox21,spectra_tanimoto,0.30_1_ensemble3,chemprop,0.30,0.427201986312866
tox21,spectra_tanimoto,0.30_2_ensemble3,chemprop,0.30,0.474774718284607
tox21,spectra_tanimoto,0.35_0_ensemble3,chemprop,0.35,0.236737072467804
tox21,spectra_tanimoto,0.35_1_ensemble3,chemprop,0.35,0.667278587818146
tox21,spectra_tanimoto,0.35_2_ensemble3,chemprop,0.35,0.52238517999649
tox21,spectra_tanimoto,0.40_0_ensemble3,chemprop,0.40,0.597494184970856
tox21,spectra_tanimoto,0.40_1_ensemble3,chemprop,0.40,0.518061339855194
tox21,spectra_tanimoto,0.40_2_ensemble3,chemprop,0.40,0.144749701023102
tox21,spectra_tanimoto,0.45_0_ensemble3,chemprop,0.45,0.352689772844315
tox21,spectra_tanimoto,0.45_1_ensemble3,chemprop,0.45,0.407990455627441
tox21,spectra_tanimoto,0.45_2_ensemble3,chemprop,0.45,0.404998868703842
tox21,spectra_tanimoto,0.50_0_ensemble3,chemprop,0.50,0.329121917486191
tox21,spectra_tanimoto,0.50_1_ensemble3,chemprop,0.50,0.342065185308456
tox21,spectra_tanimoto,0.50_2_ensemble3,chemprop,0.50,0.678269684314728
tox21,spectra_tanimoto,0.55_0_ensemble3,chemprop,0.55,0.273809522390366
tox21,spectra_tanimoto,0.55_1_ensemble3,chemprop,0.55,0.240656554698944
tox21,spectra_tanimoto,0.55_2_ensemble3,chemprop,0.55,0.194444432854652
tox21,spectra_tanimoto,0.60_0_ensemble3,chemprop,0.60,0.382786184549332
tox21,spectra_tanimoto,0.60_1_ensemble3,chemprop,0.60,0.261111110448837
tox21,spectra_tanimoto,0.60_2_ensemble3,chemprop,0.60,0.574410796165466
tox21,spectra_tanimoto,0.65_0_ensemble3,chemprop,0.65,0.212773561477661
tox21,spectra_tanimoto,0.65_1_ensemble3,chemprop,0.65,0.212310597300529
tox21,spectra_tanimoto,0.65_2_ensemble3,chemprop,0.65,0.129166662693024
tox21,spectra_tanimoto,0.70_0_ensemble3,chemprop,0.70,0.227083340287209
tox21,spectra_tanimoto,0.70_1_ensemble3,chemprop,0.70,0.114004634320736
tox21,spectra_tanimoto,0.70_2_ensemble3,chemprop,0.70,0.116402119398117
tox21,spectra_tanimoto,0.75_0_ensemble3,chemprop,0.75,0.312499970197678
tox21,spectra_tanimoto,0.75_1_ensemble3,chemprop,0.75,0.247619032859802
tox21,spectra_tanimoto,0.75_2_ensemble3,chemprop,0.75,0.355026453733444
tox21,spectra_tanimoto,0.80_0_ensemble3,chemprop,0.80,0.16388888657093
tox21,spectra_tanimoto,0.80_1_ensemble3,chemprop,0.80,0.0833333358168602
tox21,spectra_tanimoto,0.80_2_ensemble3,chemprop,0.80,0.0803571417927742
tox21,spectra_tanimoto,0.85_0_ensemble3,chemprop,0.85,0.0138888908550143
tox21,spectra_tanimoto,0.85_1_ensemble3,chemprop,0.85,0.524652779102325
tox21,spectra_tanimoto,0.85_2_ensemble3,chemprop,0.85,0.285416662693024
tox21,spectra_tanimoto,0.90_0_ensemble3,chemprop,0.90,0.173958316445351
tox21,spectra_tanimoto,0.90_1_ensemble3,chemprop,0.90,0.25
tox21,spectra_tanimoto,0.90_2_ensemble3,chemprop,0.90,0.191666662693024
tox21,spectra_tanimoto,0.95_0_ensemble3,chemprop,0.95,0.316666662693024
tox21,spectra_tanimoto,0.95_1_ensemble3,chemprop,0.95,0.0916666686534882
tox21,spectra_tanimoto,0.95_2_ensemble3,chemprop,0.95,0.0833333358168602
tox21,spectra_tanimoto,1.00_0_ensemble3,chemprop,1.00,0.299999982118607
tox21,spectra_tanimoto,1.00_1_ensemble3,chemprop,1.00,0.0666666701436043
tox21,spectra_tanimoto,1.00_2_ensemble3,chemprop,1.00,0.0861111059784889
tox21,spectra_tanimoto,0.00_0_ensemble4,chemprop,0.00,0.851389646530151
tox21,spectra_tanimoto,0.00_1_ensemble4,chemprop,0.00,0.859481394290924
tox21,spectra_tanimoto,0.00_2_ensemble4,chemprop,0.00,0.814972817897797
tox21,spectra_tanimoto,0.05_0_ensemble4,chemprop,0.05,0.744005501270294
tox21,spectra_tanimoto,0.05_1_ensemble4,chemprop,0.05,0.789996385574341
tox21,spectra_tanimoto,0.05_2_ensemble4,chemprop,0.05,0.806351661682129
tox21,spectra_tanimoto,0.10_0_ensemble4,chemprop,0.10,0.719587326049805
tox21,spectra_tanimoto,0.10_1_ensemble4,chemprop,0.10,0.821132004261017
tox21,spectra_tanimoto,0.10_2_ensemble4,chemprop,0.10,0.666966617107391
tox21,spectra_tanimoto,0.15_0_ensemble4,chemprop,0.15,0.65713232755661
tox21,spectra_tanimoto,0.15_1_ensemble4,chemprop,0.15,0.763652801513672
tox21,spectra_tanimoto,0.15_2_ensemble4,chemprop,0.15,0.674843013286591
tox21,spectra_tanimoto,0.20_0_ensemble4,chemprop,0.20,0.702913522720337
tox21,spectra_tanimoto,0.20_1_ensemble4,chemprop,0.20,0.496068716049194
tox21,spectra_tanimoto,0.20_2_ensemble4,chemprop,0.20,0.741890966892242
tox21,spectra_tanimoto,0.25_0_ensemble4,chemprop,0.25,0.566244423389435
tox21,spectra_tanimoto,0.25_1_ensemble4,chemprop,0.25,0.627969086170197
tox21,spectra_tanimoto,0.25_2_ensemble4,chemprop,0.25,0.515119671821594
tox21,spectra_tanimoto,0.30_0_ensemble4,chemprop,0.30,0.478166669607162
tox21,spectra_tanimoto,0.30_1_ensemble4,chemprop,0.30,0.488219022750854
tox21,spectra_tanimoto,0.30_2_ensemble4,chemprop,0.30,0.558569610118866
tox21,spectra_tanimoto,0.35_0_ensemble4,chemprop,0.35,0.395540863275528
tox21,spectra_tanimoto,0.35_1_ensemble4,chemprop,0.35,0.595025062561035
tox21,spectra_tanimoto,0.35_2_ensemble4,chemprop,0.35,0.433036118745804
tox21,spectra_tanimoto,0.40_0_ensemble4,chemprop,0.40,0.694341421127319
tox21,spectra_tanimoto,0.40_1_ensemble4,chemprop,0.40,0.566407859325409
tox21,spectra_tanimoto,0.40_2_ensemble4,chemprop,0.40,0.183188334107399
tox21,spectra_tanimoto,0.45_0_ensemble4,chemprop,0.45,0.379751294851303
tox21,spectra_tanimoto,0.45_1_ensemble4,chemprop,0.45,0.499097377061844
tox21,spectra_tanimoto,0.45_2_ensemble4,chemprop,0.45,0.223756432533264
tox21,spectra_tanimoto,0.50_0_ensemble4,chemprop,0.50,0.301767736673355
tox21,spectra_tanimoto,0.50_1_ensemble4,chemprop,0.50,0.263915419578552
tox21,spectra_tanimoto,0.50_2_ensemble4,chemprop,0.50,0.515364587306976
tox21,spectra_tanimoto,0.55_0_ensemble4,chemprop,0.55,0.180860817432404
tox21,spectra_tanimoto,0.55_1_ensemble4,chemprop,0.55,0.180367037653923
tox21,spectra_tanimoto,0.55_2_ensemble4,chemprop,0.55,0.21875
tox21,spectra_tanimoto,0.60_0_ensemble4,chemprop,0.60,0.195156678557396
tox21,spectra_tanimoto,0.60_1_ensemble4,chemprop,0.60,0.289120346307755
tox21,spectra_tanimoto,0.60_2_ensemble4,chemprop,0.60,0.450547128915787
tox21,spectra_tanimoto,0.65_0_ensemble4,chemprop,0.65,0.119928449392319
tox21,spectra_tanimoto,0.65_1_ensemble4,chemprop,0.65,0.16856062412262
tox21,spectra_tanimoto,0.65_2_ensemble4,chemprop,0.65,0.0787037014961243
tox21,spectra_tanimoto,0.70_0_ensemble4,chemprop,0.70,0.106250010430813
tox21,spectra_tanimoto,0.70_1_ensemble4,chemprop,0.70,0.255208343267441
tox21,spectra_tanimoto,0.70_2_ensemble4,chemprop,0.70,0.0952380895614624
tox21,spectra_tanimoto,0.75_0_ensemble4,chemprop,0.75,0.331679880619049
tox21,spectra_tanimoto,0.75_1_ensemble4,chemprop,0.75,0.409126967191696
tox21,spectra_tanimoto,0.75_2_ensemble4,chemprop,0.75,0.513095200061798
tox21,spectra_tanimoto,0.80_0_ensemble4,chemprop,0.80,0.16666667163372
tox21,spectra_tanimoto,0.80_1_ensemble4,chemprop,0.80,0.0833333358168602
tox21,spectra_tanimoto,0.80_2_ensemble4,chemprop,0.80,0.125
tox21,spectra_tanimoto,0.85_0_ensemble4,chemprop,0.85,0
tox21,spectra_tanimoto,0.85_1_ensemble4,chemprop,0.85,0.520486116409302
tox21,spectra_tanimoto,0.85_2_ensemble4,chemprop,0.85,0.25
tox21,spectra_tanimoto,0.90_0_ensemble4,chemprop,0.90,0.173958316445351
tox21,spectra_tanimoto,0.90_1_ensemble4,chemprop,0.90,0.20833332836628
tox21,spectra_tanimoto,0.90_2_ensemble4,chemprop,0.90,0.136111110448837
tox21,spectra_tanimoto,0.95_0_ensemble4,chemprop,0.95,0.337500005960464
tox21,spectra_tanimoto,0.95_1_ensemble4,chemprop,0.95,0.108333326876163
tox21,spectra_tanimoto,0.95_2_ensemble4,chemprop,0.95,0.108333326876163
tox21,spectra_tanimoto,1.00_0_ensemble4,chemprop,1.00,0.299999982118607
tox21,spectra_tanimoto,1.00_1_ensemble4,chemprop,1.00,0.0833333358168602
tox21,spectra_tanimoto,1.00_2_ensemble4,chemprop,1.00,0.0861111059784889
tox21,spectra_tanimoto,0.00_0_ensemble5,chemprop,0.00,0.844614207744598
tox21,spectra_tanimoto,0.00_1_ensemble5,chemprop,0.00,0.852175295352936
tox21,spectra_tanimoto,0.00_2_ensemble5,chemprop,0.00,0.819241762161255
tox21,spectra_tanimoto,0.05_0_ensemble5,chemprop,0.05,0.748732268810272
tox21,spectra_tanimoto,0.05_1_ensemble5,chemprop,0.05,0.79017585515976
tox21,spectra_tanimoto,0.05_2_ensemble5,chemprop,0.05,0.775072276592255
tox21,spectra_tanimoto,0.10_0_ensemble5,chemprop,0.10,0.701498985290527
tox21,spectra_tanimoto,0.10_1_ensemble5,chemprop,0.10,0.812827527523041
tox21,spectra_tanimoto,0.10_2_ensemble5,chemprop,0.10,0.718087375164032
tox21,spectra_tanimoto,0.15_0_ensemble5,chemprop,0.15,0.749319016933441
tox21,spectra_tanimoto,0.15_1_ensemble5,chemprop,0.15,0.695060789585114
tox21,spectra_tanimoto,0.15_2_ensemble5,chemprop,0.15,0.676545143127441
tox21,spectra_tanimoto,0.20_0_ensemble5,chemprop,0.20,0.7449169754982
tox21,spectra_tanimoto,0.20_1_ensemble5,chemprop,0.20,0.549602329730988
tox21,spectra_tanimoto,0.20_2_ensemble5,chemprop,0.20,0.62832647562027
tox21,spectra_tanimoto,0.25_0_ensemble5,chemprop,0.25,0.576774299144745
tox21,spectra_tanimoto,0.25_1_ensemble5,chemprop,0.25,0.547846138477325
tox21,spectra_tanimoto,0.25_2_ensemble5,chemprop,0.25,0.509276747703552
tox21,spectra_tanimoto,0.30_0_ensemble5,chemprop,0.30,0.441921144723892
tox21,spectra_tanimoto,0.30_1_ensemble5,chemprop,0.30,0.43970200419426
tox21,spectra_tanimoto,0.30_2_ensemble5,chemprop,0.30,0.555732131004333
tox21,spectra_tanimoto,0.35_0_ensemble5,chemprop,0.35,0.238836690783501
tox21,spectra_tanimoto,0.35_1_ensemble5,chemprop,0.35,0.626720309257507
tox21,spectra_tanimoto,0.35_2_ensemble5,chemprop,0.35,0.410830497741699
tox21,spectra_tanimoto,0.40_0_ensemble5,chemprop,0.40,0.33521369099617
tox21,spectra_tanimoto,0.40_1_ensemble5,chemprop,0.40,0.567146956920624
tox21,spectra_tanimoto,0.40_2_ensemble5,chemprop,0.40,0.184550523757935
tox21,spectra_tanimoto,0.45_0_ensemble5,chemprop,0.45,0.318258196115494
tox21,spectra_tanimoto,0.45_1_ensemble5,chemprop,0.45,0.44105526804924
tox21,spectra_tanimoto,0.45_2_ensemble5,chemprop,0.45,0.261925786733627
tox21,spectra_tanimoto,0.50_0_ensemble5,chemprop,0.50,0.321064352989197
tox21,spectra_tanimoto,0.50_1_ensemble5,chemprop,0.50,0.341149598360062
tox21,spectra_tanimoto,0.50_2_ensemble5,chemprop,0.50,0.587123811244965
tox21,spectra_tanimoto,0.55_0_ensemble5,chemprop,0.55,0.308608055114746
tox21,spectra_tanimoto,0.55_1_ensemble5,chemprop,0.55,0.179694950580597
tox21,spectra_tanimoto,0.55_2_ensemble5,chemprop,0.55,0.21875
tox21,spectra_tanimoto,0.60_0_ensemble5,chemprop,0.60,0.319865345954895
tox21,spectra_tanimoto,0.60_1_ensemble5,chemprop,0.60,0.285648137331009
tox21,spectra_tanimoto,0.60_2_ensemble5,chemprop,0.60,0.450547128915787
tox21,spectra_tanimoto,0.65_0_ensemble5,chemprop,0.65,0.156102702021599
tox21,spectra_tanimoto,0.65_1_ensemble5,chemprop,0.65,0.197159096598625
tox21,spectra_tanimoto,0.65_2_ensemble5,chemprop,0.65,0.133333340287209
tox21,spectra_tanimoto,0.70_0_ensemble5,chemprop,0.70,0.262499988079071
tox21,spectra_tanimoto,0.70_1_ensemble5,chemprop,0.70,0.0931712985038757
tox21,spectra_tanimoto,0.70_2_ensemble5,chemprop,0.70,0.113756597042084
tox21,spectra_tanimoto,0.75_0_ensemble5,chemprop,0.75,0.325066119432449
tox21,spectra_tanimoto,0.75_1_ensemble5,chemprop,0.75,0.409126967191696
tox21,spectra_tanimoto,0.75_2_ensemble5,chemprop,0.75,0.416038364171982
tox21,spectra_tanimoto,0.80_0_ensemble5,chemprop,0.80,0.158333346247673
tox21,spectra_tanimoto,0.80_1_ensemble5,chemprop,0.80,0.0833333358168602
tox21,spectra_tanimoto,0.80_2_ensemble5,chemprop,0.80,0.0803571417927742
tox21,spectra_tanimoto,0.85_0_ensemble5,chemprop,0.85,0
tox21,spectra_tanimoto,0.85_1_ensemble5,chemprop,0.85,0.299305558204651
tox21,spectra_tanimoto,0.85_2_ensemble5,chemprop,0.85,0.279166668653488
tox21,spectra_tanimoto,0.90_0_ensemble5,chemprop,0.90,0.227083340287209
tox21,spectra_tanimoto,0.90_1_ensemble5,chemprop,0.90,0.133333340287209
tox21,spectra_tanimoto,0.90_2_ensemble5,chemprop,0.90,0.172222211956978
tox21,spectra_tanimoto,0.95_0_ensemble5,chemprop,0.95,0.354166656732559
tox21,spectra_tanimoto,0.95_1_ensemble5,chemprop,0.95,0.108333326876163
tox21,spectra_tanimoto,0.95_2_ensemble5,chemprop,0.95,0.0972222313284874
tox21,spectra_tanimoto,1.00_0_ensemble5,chemprop,1.00,0.299999982118607
tox21,spectra_tanimoto,1.00_1_ensemble5,chemprop,1.00,0.0750000029802322
tox21,spectra_tanimoto,1.00_2_ensemble5,chemprop,1.00,0.0861111059784889
