,test/roc,test/f1,test/accuracy,test/prc
bbbp_random_0,0.8921507596969604,0.9242424368858336,0.8774510025978088,0.9666732549667358
bbbp_random_1,0.9075446724891664,0.9230769276618958,0.8774510025978088,0.9681627750396729
bbbp_random_2,0.918416142463684,0.9251908659934998,0.8799019455909729,0.9670633673667908
bbbp_random_3,0.903043568134308,0.9209302067756652,0.875,0.9607807397842408
bbbp_random_4,0.9116002321243286,0.9341500997543335,0.8946078419685364,0.965851902961731
