,test/rmse,test/mae,test/r2
delaney_random_0,0.372586041688919,0.2884646356105804,0.8557378649711609
delaney_random_1,0.4084380865097046,0.3031011521816253,0.8448817133903503
delaney_random_2,0.3369281888008117,0.2534425854682922,0.8591479063034058
delaney_random_3,0.3344058990478515,0.2478998452425003,0.8645658493041992
delaney_random_4,0.35088083148002625,0.2513243556022644,0.8813265562057495
