,test/rmse,test/mae,test/r2
freesolv_random_0,0.4190601110458374,0.284726470708847,0.7827602624893188
freesolv_random_1,0.3290122449398041,0.2350990176200866,0.916465699672699
freesolv_random_2,0.2770890295505523,0.2012749016284942,0.9235568046569824
freesolv_random_3,0.2577217817306518,0.1943691670894622,0.9302458167076112
freesolv_random_4,0.2966698110103607,0.21605755388736725,0.9239605069160461
