,test/roc,test/f1,test/accuracy,test/prc
hiv_random_0,0.842760443687439,0.4939271211624145,0.9696011543273926,0.4037894010543823
hiv_random_1,0.9350970983505248,0.5657894611358643,0.9759241342544556,0.5641967058181763
hiv_random_2,0.9425255656242372,0.6226804256439209,0.9777480363845824,0.6424993276596069
hiv_random_3,0.9498798847198486,0.5916666388511658,0.9761673212051392,0.6203478574752808
hiv_random_4,0.939537763595581,0.601178765296936,0.9753161668777466,0.598660945892334
