,test/rmse,test/mae,test/r2
lipo_random_0,0.5219264626502991,0.4020878374576568,0.7285023927688599
lipo_random_1,0.4833519160747528,0.3739423453807831,0.7788333296775818
lipo_random_2,0.4892753064632416,0.3732988238334656,0.7522308230400085
lipo_random_3,0.4787186682224273,0.3664596676826477,0.7718068361282349
lipo_random_4,0.5000216960906982,0.3843793570995331,0.7554804086685181
