,test/roc,test/f1,test/accuracy,test/prc
bbbp_scaffold_0,0.8176897764205933,0.7960784435272217,0.7450980544090271,0.7968997955322266
bbbp_scaffold_1,0.8176897764205933,0.7960784435272217,0.7450980544090271,0.7968997955322266
bbbp_scaffold_2,0.8176897764205933,0.7960784435272217,0.7450980544090271,0.7968997955322266
bbbp_scaffold_3,0.8176897764205933,0.7960784435272217,0.7450980544090271,0.7968997955322266
bbbp_scaffold_4,0.8176897764205933,0.7960784435272217,0.7450980544090271,0.7968997955322266
