,test/rmse,test/mae,test/r2
delaney_scaffold_0,1.4968150854110718,1.0771217346191406,0.4700397253036499
delaney_scaffold_1,1.496815204620361,1.0771217346191406,0.4700396656990051
delaney_scaffold_2,1.4968150854110718,1.0771217346191406,0.4700397253036499
delaney_scaffold_3,1.4968150854110718,1.0771218538284302,0.4700397253036499
delaney_scaffold_4,1.4968149662017822,1.0771217346191406,0.4700397849082947
