,test/rmse,test/mae,test/r2
freesolv_scaffold_0,2.981417417526245,2.2377681732177734,0.6471802592277527
freesolv_scaffold_1,2.983194351196289,2.24359130859375,0.6463056206703186
freesolv_scaffold_2,2.9835684299468994,2.24737548828125,0.6460562944412231
freesolv_scaffold_3,2.9749794006347656,2.22778844833374,0.6487697958946228
freesolv_scaffold_4,2.983515501022339,2.246164560317993,0.6452840566635132
