,test/roc,test/f1,test/accuracy,test/prc
hiv_scaffold_0,0.7732245326042175,0.3284457623958587,0.9721546769142152,0.2419332265853881
hiv_scaffold_1,0.7732245922088623,0.3284457623958587,0.9721546769142152,0.2419332265853881
hiv_scaffold_2,0.7732245922088623,0.3284457623958587,0.9721546769142152,0.2419332414865493
hiv_scaffold_3,0.7732245922088623,0.3284457623958587,0.9721546769142152,0.2419332265853881
hiv_scaffold_4,0.7732245326042175,0.32844576239585876,0.9721546769142151,0.24193322658538818
