,test/rmse,test/mae,test/r2
lipo_scaffold_0,0.6100316643714905,0.4676615297794342,0.6033236384391785
lipo_scaffold_1,0.6100316047668457,0.4676616191864013,0.6033236980438232
lipo_scaffold_2,0.6100316643714905,0.467661589384079,0.6033236384391785
lipo_scaffold_3,0.6100316047668457,0.467661589384079,0.6033236980438232
lipo_scaffold_4,0.6100316643714905,0.467661589384079,0.6033236980438232
